method,run,preparation_seconds,explanation_seconds,rows,amortized_seconds_per_row,cumulative_process_peak_rss_bytes,budget,batch_size,flow_id,timing_includes_heldout_diagnostic,preparation_shared_rows,background_distinct,background_rows
gradient_x_input,0,0.0,0.012961291940882802,1,0.012961291940882802,635027456,1,1,rid_17c75cd659c9243647caddaa9aa43875,False,,,
gradient_x_input,0,0.0,0.004553333972580731,1,0.004553333972580731,635240448,1,1,rid_09a527fea31178a9ad0ecb1fc521e8fb,False,,,
gradient_x_input,1,0.0,0.004372208029963076,1,0.004372208029963076,635256832,1,1,rid_17c75cd659c9243647caddaa9aa43875,False,,,
gradient_x_input,1,0.0,0.0045529999770224094,1,0.0045529999770224094,635322368,1,1,rid_09a527fea31178a9ad0ecb1fc521e8fb,False,,,
gradient_x_input,2,0.0,0.004448375082574785,1,0.004448375082574785,635371520,1,1,rid_17c75cd659c9243647caddaa9aa43875,False,,,
gradient_x_input,2,0.0,0.0036819999804720283,1,0.0036819999804720283,635371520,1,1,rid_09a527fea31178a9ad0ecb1fc521e8fb,False,,,
gradient_x_input,3,0.0,0.00456554105039686,1,0.00456554105039686,635387904,1,1,rid_17c75cd659c9243647caddaa9aa43875,False,,,
gradient_x_input,3,0.0,0.004350208910182118,1,0.004350208910182118,635420672,1,1,rid_09a527fea31178a9ad0ecb1fc521e8fb,False,,,
gradient_x_input,4,0.0,0.004396790987811983,1,0.004396790987811983,635453440,1,1,rid_17c75cd659c9243647caddaa9aa43875,False,,,
gradient_x_input,4,0.0,0.004573790938593447,1,0.004573790938593447,635453440,1,1,rid_09a527fea31178a9ad0ecb1fc521e8fb,False,,,
integrated_gradients,0,0.0,0.23919975000899285,1,0.23919975000899285,635830272,64,1,rid_17c75cd659c9243647caddaa9aa43875,False,,,
integrated_gradients,0,0.0,0.23985983291640878,1,0.23985983291640878,635895808,64,1,rid_09a527fea31178a9ad0ecb1fc521e8fb,False,,,
integrated_gradients,1,0.0,0.24751399992965162,1,0.24751399992965162,635944960,64,1,rid_17c75cd659c9243647caddaa9aa43875,False,,,
integrated_gradients,1,0.0,0.2569235829869285,1,0.2569235829869285,636141568,64,1,rid_09a527fea31178a9ad0ecb1fc521e8fb,False,,,
integrated_gradients,2,0.0,0.23504850000608712,1,0.23504850000608712,636141568,64,1,rid_17c75cd659c9243647caddaa9aa43875,False,,,
integrated_gradients,2,0.0,0.2380702910013497,1,0.2380702910013497,636141568,64,1,rid_09a527fea31178a9ad0ecb1fc521e8fb,False,,,
integrated_gradients,3,0.0,0.2388376670423895,1,0.2388376670423895,636141568,64,1,rid_17c75cd659c9243647caddaa9aa43875,False,,,
integrated_gradients,3,0.0,0.23354266700334847,1,0.23354266700334847,636141568,64,1,rid_09a527fea31178a9ad0ecb1fc521e8fb,False,,,
integrated_gradients,4,0.0,0.24160883389413357,1,0.24160883389413357,636141568,64,1,rid_17c75cd659c9243647caddaa9aa43875,False,,,
integrated_gradients,4,0.0,0.2358092499198392,1,0.2358092499198392,636141568,64,1,rid_09a527fea31178a9ad0ecb1fc521e8fb,False,,,
occlusion,0,0.0,0.16652229195460677,1,0.16652229195460677,636141568,1,1,rid_17c75cd659c9243647caddaa9aa43875,False,,,
occlusion,0,0.0,0.16583187493961304,1,0.16583187493961304,636157952,1,1,rid_09a527fea31178a9ad0ecb1fc521e8fb,False,,,
occlusion,1,0.0,0.19139587495010346,1,0.19139587495010346,636157952,1,1,rid_17c75cd659c9243647caddaa9aa43875,False,,,
occlusion,1,0.0,0.16573370795231313,1,0.16573370795231313,636157952,1,1,rid_09a527fea31178a9ad0ecb1fc521e8fb,False,,,
occlusion,2,0.0,0.16569179098587483,1,0.16569179098587483,636157952,1,1,rid_17c75cd659c9243647caddaa9aa43875,False,,,
occlusion,2,0.0,0.17107799998484552,1,0.17107799998484552,636157952,1,1,rid_09a527fea31178a9ad0ecb1fc521e8fb,False,,,
occlusion,3,0.0,0.166827333974652,1,0.166827333974652,636157952,1,1,rid_17c75cd659c9243647caddaa9aa43875,False,,,
occlusion,3,0.0,0.17347783397417516,1,0.17347783397417516,636157952,1,1,rid_09a527fea31178a9ad0ecb1fc521e8fb,False,,,
occlusion,4,0.0,0.16331562504637986,1,0.16331562504637986,636157952,1,1,rid_17c75cd659c9243647caddaa9aa43875,False,,,
occlusion,4,0.0,0.16508866695221514,1,0.16508866695221514,636157952,1,1,rid_09a527fea31178a9ad0ecb1fc521e8fb,False,,,
lime_fixed_background,0,0.2626885420177132,0.20239599992055446,1,0.20239599992055446,966262784,32000,4096,rid_17c75cd659c9243647caddaa9aa43875,False,2.0,,
lime_fixed_background,0,0.0,0.1662642089650035,1,0.1662642089650035,1002340352,32000,4096,rid_09a527fea31178a9ad0ecb1fc521e8fb,False,2.0,,
lime_fixed_background,1,0.030786541989073157,0.16813770798034966,1,0.16813770798034966,1020608512,32000,4096,rid_17c75cd659c9243647caddaa9aa43875,False,2.0,,
lime_fixed_background,1,0.0,0.161943249986507,1,0.161943249986507,1022148608,32000,4096,rid_09a527fea31178a9ad0ecb1fc521e8fb,False,2.0,,
lime_fixed_background,2,0.03210104105528444,0.17903795803431422,1,0.17903795803431422,1024868352,32000,4096,rid_17c75cd659c9243647caddaa9aa43875,False,2.0,,
lime_fixed_background,2,0.0,0.17349404108244926,1,0.17349404108244926,1027424256,32000,4096,rid_09a527fea31178a9ad0ecb1fc521e8fb,False,2.0,,
lime_fixed_background,3,0.02765104197897017,0.17778783396352082,1,0.17778783396352082,1028505600,32000,4096,rid_17c75cd659c9243647caddaa9aa43875,False,2.0,,
lime_fixed_background,3,0.0,0.18483212508726865,1,0.18483212508726865,1029275648,32000,4096,rid_09a527fea31178a9ad0ecb1fc521e8fb,False,2.0,,
lime_resampled_background,0,0.03796612494625151,0.16789995797444135,1,0.16789995797444135,1029570560,32000,4096,rid_17c75cd659c9243647caddaa9aa43875,False,2.0,,
lime_resampled_background,0,0.0,0.1697293750476092,1,0.1697293750476092,1032880128,32000,4096,rid_09a527fea31178a9ad0ecb1fc521e8fb,False,2.0,,
lime_resampled_background,1,0.03276679199188948,0.1669642919441685,1,0.1669642919441685,1033207808,32000,4096,rid_17c75cd659c9243647caddaa9aa43875,False,2.0,,
lime_resampled_background,1,0.0,0.16020470892544836,1,0.16020470892544836,1033273344,32000,4096,rid_09a527fea31178a9ad0ecb1fc521e8fb,False,2.0,,
lime_resampled_background,2,0.02984158298932016,0.17044962500222027,1,0.17044962500222027,1033355264,32000,4096,rid_17c75cd659c9243647caddaa9aa43875,False,2.0,,
lime_resampled_background,2,0.0,0.17419924994464964,1,0.17419924994464964,1033666560,32000,4096,rid_09a527fea31178a9ad0ecb1fc521e8fb,False,2.0,,
lime_resampled_background,3,0.02962241694331169,0.1746136659057811,1,0.1746136659057811,1034895360,32000,4096,rid_17c75cd659c9243647caddaa9aa43875,False,2.0,,
lime_resampled_background,3,0.0,0.1732405829243362,1,0.1732405829243362,1034960896,32000,4096,rid_09a527fea31178a9ad0ecb1fc521e8fb,False,2.0,,
shap_sparse10,0,0.0028542919317260385,1.3459566660458222,1,1.3459566660458222,1431388160,102400,4096,rid_17c75cd659c9243647caddaa9aa43875,False,,1.0,1.0
shap_sparse10,0,0.003915374982170761,0.9713224999140948,1,0.9713224999140948,1431388160,102400,4096,rid_09a527fea31178a9ad0ecb1fc521e8fb,False,,1.0,1.0
shap_sparse10,1,0.003914125030860305,1.10114549996797,1,1.10114549996797,1439481856,102400,4096,rid_17c75cd659c9243647caddaa9aa43875,False,,1.0,1.0
shap_sparse10,1,0.004048751085065305,0.9667039159685373,1,0.9667039159685373,1439481856,102400,4096,rid_09a527fea31178a9ad0ecb1fc521e8fb,False,,1.0,1.0
shap_sparse10,2,0.004439624957740307,1.0481182920048013,1,1.0481182920048013,1447493632,102400,4096,rid_17c75cd659c9243647caddaa9aa43875,False,,1.0,1.0
shap_sparse10,2,0.004222665913403034,0.90606283408124,1,0.90606283408124,1447493632,102400,4096,rid_09a527fea31178a9ad0ecb1fc521e8fb,False,,1.0,1.0
shap_sparse10,3,0.004484832985326648,1.0099453330039978,1,1.0099453330039978,1465876480,102400,4096,rid_17c75cd659c9243647caddaa9aa43875,False,,1.0,1.0
shap_sparse10,3,0.004193417145870626,0.8995135829318315,1,0.8995135829318315,1465876480,102400,4096,rid_09a527fea31178a9ad0ecb1fc521e8fb,False,,1.0,1.0
shap_no_feature_selection,0,0.004472958040423691,0.9597777499584481,1,0.9597777499584481,1508638720,102400,4096,rid_17c75cd659c9243647caddaa9aa43875,False,,1.0,1.0
shap_no_feature_selection,0,0.0037931250408291817,0.8232005839236081,1,0.8232005839236081,1508638720,102400,4096,rid_09a527fea31178a9ad0ecb1fc521e8fb,False,,1.0,1.0
shap_no_feature_selection,1,0.0034968339605256915,0.90481133305002,1,0.90481133305002,1524678656,102400,4096,rid_17c75cd659c9243647caddaa9aa43875,False,,1.0,1.0
shap_no_feature_selection,1,0.0038399171316996217,0.8292087079025805,1,0.8292087079025805,1524678656,102400,4096,rid_09a527fea31178a9ad0ecb1fc521e8fb,False,,1.0,1.0
shap_no_feature_selection,2,0.004087209003046155,0.9957868329947814,1,0.9957868329947814,1531199488,102400,4096,rid_17c75cd659c9243647caddaa9aa43875,False,,1.0,1.0
shap_no_feature_selection,2,0.004016874940134585,0.921654500067234,1,0.921654500067234,1531199488,102400,4096,rid_09a527fea31178a9ad0ecb1fc521e8fb,False,,1.0,1.0
shap_no_feature_selection,3,0.0039532920345664024,1.0200530419824645,1,1.0200530419824645,1536131072,102400,4096,rid_17c75cd659c9243647caddaa9aa43875,False,,1.0,1.0
shap_no_feature_selection,3,0.0045483330031856894,0.9190810000291094,1,0.9190810000291094,1536131072,102400,4096,rid_09a527fea31178a9ad0ecb1fc521e8fb,False,,1.0,1.0
