task_id,model,method,analysis_role,metric,estimate,ci_low,ci_high,bootstrap_std,p_value_two_sided_zero,n_rows,n_flows,n_seed_flow_cells,n_unique_sources,n_reused_sources,maximum_seed_reuse,n_seeds,bootstrap_design,run_resampling,identification_coverage_basis,identification_coverage_fraction,minimum_identifiable_fraction,identification_seed_inventory_complete,minimum_seed_identification_fraction,identification_coverage_sufficient,null_account_pair_fraction,account_pair_nonzero_fraction_l1_ge_1e-10,account_pair_nonzero_fraction_l1_ge_1e-08,minimum_seed_coverage,coverage_sufficient,n_probe_runs,run_uncertainty,gate_bound,gate_direction,gate_pass,gate_status
cicids2017_binary,cnn,integrated_gradients,numerical_sensitivity,spearman,0.9969265874416442,0.9962036641088675,0.9975971014076243,0.0003510094061109059,0.0,1280,1276,1280,1276,4,2,5,crossed_source_seed_multinomial_equal_seed_bootstrap,not_applicable,rank_pair_identifiable,1.0,0.95,True,1.0,True,0.0,1.0,1.0,5,True,,,0.9,lower,True,pass
cicids2017_binary,cnn,integrated_gradients,numerical_sensitivity,jaccard_10,0.9223006160506161,0.9117804607156478,0.9321345189625831,0.005138718751073334,0.0,1280,1276,1280,1276,4,2,5,crossed_source_seed_multinomial_equal_seed_bootstrap,not_applicable,top_k_pair_identifiable,1.0,0.95,True,1.0,True,0.0,1.0,1.0,5,True,,,0.8,lower,True,pass
cicids2017_binary,cnn,integrated_gradients,numerical_sensitivity,weighted_jaccard,0.9205221141286122,0.9143762188624976,0.9272369789782249,0.003300873422185661,0.0,1280,1276,1280,1276,4,2,5,crossed_source_seed_multinomial_equal_seed_bootstrap,not_applicable,account_pair_nonzero,1.0,0.95,True,1.0,True,0.0,1.0,1.0,5,True,,,,not_predeclared,False,not_predeclared
cicids2017_binary,cnn,integrated_gradients,numerical_sensitivity,normalized_mass_l1,0.042392077516803496,0.03848294839637439,0.04606726526599062,0.001888325043279336,0.0,1280,1276,1280,1276,4,2,5,crossed_source_seed_multinomial_equal_seed_bootstrap,not_applicable,account_pair_nonzero,1.0,0.95,True,1.0,True,0.0,1.0,1.0,5,True,,,,not_predeclared,False,not_predeclared
cicids2017_binary,cnn,integrated_gradients,primary_main_to_128,spearman,0.9988306648258986,0.9985111418945013,0.9991080372538234,0.00015086531573357503,0.0,1280,1276,1280,1276,4,2,5,crossed_source_seed_multinomial_equal_seed_bootstrap,not_applicable,rank_pair_identifiable,1.0,0.95,True,1.0,True,0.0,1.0,1.0,5,True,,,0.9,lower,True,pass
cicids2017_binary,cnn,integrated_gradients,primary_main_to_128,jaccard_10,0.9642753080253081,0.9575747494430328,0.9704405274928531,0.0032734226381261277,0.0,1280,1276,1280,1276,4,2,5,crossed_source_seed_multinomial_equal_seed_bootstrap,not_applicable,top_k_pair_identifiable,1.0,0.95,True,1.0,True,0.0,1.0,1.0,5,True,,,0.8,lower,True,pass
cicids2017_binary,cnn,integrated_gradients,primary_main_to_128,weighted_jaccard,0.9649033325451688,0.9608463699432636,0.9684552488637476,0.001934420694357103,0.0,1280,1276,1280,1276,4,2,5,crossed_source_seed_multinomial_equal_seed_bootstrap,not_applicable,account_pair_nonzero,1.0,0.95,True,1.0,True,0.0,1.0,1.0,5,True,,,,not_predeclared,False,not_predeclared
cicids2017_binary,cnn,integrated_gradients,primary_main_to_128,normalized_mass_l1,0.018219445880347674,0.01625839246041,0.020758879112138872,0.0011080626105266428,0.0,1280,1276,1280,1276,4,2,5,crossed_source_seed_multinomial_equal_seed_bootstrap,not_applicable,account_pair_nonzero,1.0,0.95,True,1.0,True,0.0,1.0,1.0,5,True,,,,not_predeclared,False,not_predeclared
cicids2017_binary,cnn,occlusion,primary_fixed_rule_repeat,spearman,0.8359375,0.7371125827363214,0.9315246239096653,0.050186994481877245,0.0,1280,1276,1280,1276,4,2,5,crossed_source_seed_multinomial_equal_seed_bootstrap,not_applicable,rank_pair_identifiable,0.8359375,0.95,True,0.69921875,False,0.1625,0.8171875,0.78515625,5,True,,,0.9,lower,False,not_evaluable_account_coverage
cicids2017_binary,cnn,occlusion,primary_fixed_rule_repeat,jaccard_10,0.4609375,0.3866566308273676,0.546798747740431,0.041565205199826934,0.0,1280,1276,1280,1276,4,2,5,crossed_source_seed_multinomial_equal_seed_bootstrap,not_applicable,top_k_pair_identifiable,0.4609375,0.95,True,0.390625,False,0.1625,0.8171875,0.78515625,5,True,,,0.8,lower,False,not_evaluable_account_coverage
cicids2017_binary,cnn,occlusion,primary_fixed_rule_repeat,weighted_jaccard,0.8375,0.7356981045896189,0.9326009525953713,0.051060578142750154,0.0,1280,1276,1280,1276,4,2,5,crossed_source_seed_multinomial_equal_seed_bootstrap,not_applicable,account_pair_nonzero,0.8375,0.95,True,0.69921875,False,0.1625,0.8171875,0.78515625,5,True,,,,not_predeclared,False,not_predeclared
cicids2017_binary,cnn,occlusion,primary_fixed_rule_repeat,normalized_mass_l1,0.1625,0.0665022372511201,0.2608382368084705,0.0499009341039399,0.0,1280,1276,1280,1276,4,2,5,crossed_source_seed_multinomial_equal_seed_bootstrap,not_applicable,account_pair_nonzero,0.8375,0.95,True,0.69921875,False,0.1625,0.8171875,0.78515625,5,True,,,,not_predeclared,False,not_predeclared
cicids2017_binary,cnn,shap,primary_stochastic_repeat,spearman,0.8039503401019046,0.6470580901412158,0.933410451715572,0.07277644762155794,0.0,80,80,80,80,0,1,5,crossed_source_seed_multinomial_equal_seed_bootstrap,not_applicable,rank_pair_identifiable,0.825,0.95,True,0.6875,False,0.1625,0.825,0.825,5,True,,,0.9,lower,False,not_evaluable_account_coverage
cicids2017_binary,cnn,shap,primary_stochastic_repeat,jaccard_10,0.6719696969696971,0.5162325991002462,0.8140291223927586,0.07457967158208789,0.0,80,80,80,80,0,1,5,crossed_source_seed_multinomial_equal_seed_bootstrap,not_applicable,top_k_pair_identifiable,0.7125,0.95,True,0.625,False,0.1625,0.825,0.825,5,True,,,0.8,lower,False,not_evaluable_account_coverage
cicids2017_binary,cnn,shap,primary_stochastic_repeat,weighted_jaccard,0.783616970793276,0.6325136247544867,0.9044097745738187,0.07019468489338138,0.0,80,80,80,80,0,1,5,crossed_source_seed_multinomial_equal_seed_bootstrap,not_applicable,account_pair_nonzero,0.825,0.95,True,0.6875,False,0.1625,0.825,0.825,5,True,,,,not_predeclared,False,not_predeclared
cicids2017_binary,cnn,shap,primary_stochastic_repeat,normalized_mass_l1,0.19718703443608124,0.07580012520314108,0.3507953949490629,0.07116287483730134,0.0,80,80,80,80,0,1,5,crossed_source_seed_multinomial_equal_seed_bootstrap,not_applicable,account_pair_nonzero,0.825,0.95,True,0.6875,False,0.1625,0.825,0.825,5,True,,,,not_predeclared,False,not_predeclared
cicids2017_binary,mlp,integrated_gradients,numerical_sensitivity,spearman,0.9991131587688045,0.9989042197527278,0.9992999467599236,0.00010117621057929125,0.0,1280,1276,1280,1276,4,2,5,crossed_source_seed_multinomial_equal_seed_bootstrap,not_applicable,rank_pair_identifiable,1.0,0.95,True,1.0,True,0.0,1.0,1.0,5,True,,,0.9,lower,True,pass
cicids2017_binary,mlp,integrated_gradients,numerical_sensitivity,jaccard_10,0.9717566287878789,0.9649168979200373,0.9780002523773579,0.003338195451265837,0.0,1280,1276,1280,1276,4,2,5,crossed_source_seed_multinomial_equal_seed_bootstrap,not_applicable,top_k_pair_identifiable,1.0,0.95,True,1.0,True,0.0,1.0,1.0,5,True,,,0.8,lower,True,pass
cicids2017_binary,mlp,integrated_gradients,numerical_sensitivity,weighted_jaccard,0.9771132961476969,0.9752433023799525,0.9788280987611796,0.0008966845162348164,0.0,1280,1276,1280,1276,4,2,5,crossed_source_seed_multinomial_equal_seed_bootstrap,not_applicable,account_pair_nonzero,1.0,0.95,True,1.0,True,0.0,1.0,1.0,5,True,,,,not_predeclared,False,not_predeclared
cicids2017_binary,mlp,integrated_gradients,numerical_sensitivity,normalized_mass_l1,0.01169323014582633,0.010813294072053423,0.012722285551822234,0.0004830102905273661,0.0,1280,1276,1280,1276,4,2,5,crossed_source_seed_multinomial_equal_seed_bootstrap,not_applicable,account_pair_nonzero,1.0,0.95,True,1.0,True,0.0,1.0,1.0,5,True,,,,not_predeclared,False,not_predeclared
cicids2017_binary,mlp,integrated_gradients,primary_main_to_128,spearman,0.9996566370829403,0.9995675778199575,0.9997321186241466,4.1771204219056444e-05,0.0,1280,1276,1280,1276,4,2,5,crossed_source_seed_multinomial_equal_seed_bootstrap,not_applicable,rank_pair_identifiable,1.0,0.95,True,1.0,True,0.0,1.0,1.0,5,True,,,0.9,lower,True,pass
cicids2017_binary,mlp,integrated_gradients,primary_main_to_128,jaccard_10,0.9886363636363636,0.98376428470038,0.9926742455175418,0.0022152108580845036,0.0,1280,1276,1280,1276,4,2,5,crossed_source_seed_multinomial_equal_seed_bootstrap,not_applicable,top_k_pair_identifiable,1.0,0.95,True,1.0,True,0.0,1.0,1.0,5,True,,,0.8,lower,True,pass
cicids2017_binary,mlp,integrated_gradients,primary_main_to_128,weighted_jaccard,0.9899686173509348,0.9890872957717061,0.9907194301968132,0.00040789569591705355,0.0,1280,1276,1280,1276,4,2,5,crossed_source_seed_multinomial_equal_seed_bootstrap,not_applicable,account_pair_nonzero,1.0,0.95,True,1.0,True,0.0,1.0,1.0,5,True,,,,not_predeclared,False,not_predeclared
cicids2017_binary,mlp,integrated_gradients,primary_main_to_128,normalized_mass_l1,0.005063926759268561,0.00468308342620214,0.005507767311815515,0.00020805793372051507,0.0,1280,1276,1280,1276,4,2,5,crossed_source_seed_multinomial_equal_seed_bootstrap,not_applicable,account_pair_nonzero,1.0,0.95,True,1.0,True,0.0,1.0,1.0,5,True,,,,not_predeclared,False,not_predeclared
cicids2017_binary,mlp,occlusion,primary_fixed_rule_repeat,spearman,0.68984375,0.6274560679695949,0.7546232227159521,0.0324074637943429,0.0,1280,1276,1280,1276,4,2,5,crossed_source_seed_multinomial_equal_seed_bootstrap,not_applicable,rank_pair_identifiable,0.68984375,0.95,True,0.61328125,False,0.309375,0.68203125,0.65546875,5,True,,,0.9,lower,False,not_evaluable_account_coverage
cicids2017_binary,mlp,occlusion,primary_fixed_rule_repeat,jaccard_10,0.4703125,0.4239794261977851,0.5155711384807065,0.02315570489876619,0.0,1280,1276,1280,1276,4,2,5,crossed_source_seed_multinomial_equal_seed_bootstrap,not_applicable,top_k_pair_identifiable,0.4703125,0.95,True,0.4296875,False,0.309375,0.68203125,0.65546875,5,True,,,0.8,lower,False,not_evaluable_account_coverage
cicids2017_binary,mlp,occlusion,primary_fixed_rule_repeat,weighted_jaccard,0.690625,0.6268987734540047,0.7565772086645499,0.033069628844238697,0.0,1280,1276,1280,1276,4,2,5,crossed_source_seed_multinomial_equal_seed_bootstrap,not_applicable,account_pair_nonzero,0.690625,0.95,True,0.61328125,False,0.309375,0.68203125,0.65546875,5,True,,,,not_predeclared,False,not_predeclared
cicids2017_binary,mlp,occlusion,primary_fixed_rule_repeat,normalized_mass_l1,0.309375,0.2466584011306445,0.3740509513549149,0.03231025681161948,0.0,1280,1276,1280,1276,4,2,5,crossed_source_seed_multinomial_equal_seed_bootstrap,not_applicable,account_pair_nonzero,0.690625,0.95,True,0.61328125,False,0.309375,0.68203125,0.65546875,5,True,,,,not_predeclared,False,not_predeclared
cicids2017_binary,mlp,shap,primary_stochastic_repeat,spearman,0.9796638308772992,0.9564195488457545,0.9946486169578187,0.009817098330354912,0.0,80,80,80,80,0,1,5,crossed_source_seed_multinomial_equal_seed_bootstrap,not_applicable,rank_pair_identifiable,1.0,0.95,True,1.0,True,0.0,1.0,1.0,5,True,,,0.9,lower,True,pass
cicids2017_binary,mlp,shap,primary_stochastic_repeat,jaccard_10,0.7310606060606061,0.5826497536554355,0.8638700732818381,0.07193513825633287,0.0,80,80,80,80,0,1,5,crossed_source_seed_multinomial_equal_seed_bootstrap,not_applicable,top_k_pair_identifiable,0.7625,0.95,True,0.625,False,0.0,1.0,1.0,5,True,,,0.8,lower,False,not_evaluable_account_coverage
cicids2017_binary,mlp,shap,primary_stochastic_repeat,weighted_jaccard,0.9676517749115611,0.9327082522396832,0.9853234675769003,0.013980050986653942,0.0,80,80,80,80,0,1,5,crossed_source_seed_multinomial_equal_seed_bootstrap,not_applicable,account_pair_nonzero,1.0,0.95,True,1.0,True,0.0,1.0,1.0,5,True,,,,not_predeclared,False,not_predeclared
cicids2017_binary,mlp,shap,primary_stochastic_repeat,normalized_mass_l1,0.018219051538351343,0.007315419763752753,0.04154339505234174,0.009333283921493449,0.0,80,80,80,80,0,1,5,crossed_source_seed_multinomial_equal_seed_bootstrap,not_applicable,account_pair_nonzero,1.0,0.95,True,1.0,True,0.0,1.0,1.0,5,True,,,,not_predeclared,False,not_predeclared
cicids2017_multiclass,cnn,integrated_gradients,numerical_sensitivity,spearman,0.998226782708999,0.9979311414665407,0.9984737204418508,0.00014100350376571532,0.0,4783,2914,4783,2914,1050,5,5,crossed_source_seed_multinomial_equal_seed_bootstrap,not_applicable,rank_pair_identifiable,1.0,0.95,True,1.0,True,0.0,1.0,1.0,5,True,,,0.9,lower,True,pass
cicids2017_multiclass,cnn,integrated_gradients,numerical_sensitivity,jaccard_10,0.9479645173365082,0.943379228248256,0.9525267079658036,0.002343617959176419,0.0,4783,2914,4783,2914,1050,5,5,crossed_source_seed_multinomial_equal_seed_bootstrap,not_applicable,top_k_pair_identifiable,1.0,0.95,True,1.0,True,0.0,1.0,1.0,5,True,,,0.8,lower,True,pass
cicids2017_multiclass,cnn,integrated_gradients,numerical_sensitivity,weighted_jaccard,0.9522218296065669,0.949103126148353,0.95500918055828,0.0015087189141867738,0.0,4783,2914,4783,2914,1050,5,5,crossed_source_seed_multinomial_equal_seed_bootstrap,not_applicable,account_pair_nonzero,1.0,0.95,True,1.0,True,0.0,1.0,1.0,5,True,,,,not_predeclared,False,not_predeclared
cicids2017_multiclass,cnn,integrated_gradients,numerical_sensitivity,normalized_mass_l1,0.024995624790851597,0.023434857144622817,0.026739735950852245,0.0008262502982344554,0.0,4783,2914,4783,2914,1050,5,5,crossed_source_seed_multinomial_equal_seed_bootstrap,not_applicable,account_pair_nonzero,1.0,0.95,True,1.0,True,0.0,1.0,1.0,5,True,,,,not_predeclared,False,not_predeclared
cicids2017_multiclass,cnn,integrated_gradients,primary_main_to_128,spearman,0.9993564751471465,0.9992609444265256,0.9994486664122028,4.794168552346618e-05,0.0,4783,2914,4783,2914,1050,5,5,crossed_source_seed_multinomial_equal_seed_bootstrap,not_applicable,rank_pair_identifiable,1.0,0.95,True,1.0,True,0.0,1.0,1.0,5,True,,,0.9,lower,True,pass
cicids2017_multiclass,cnn,integrated_gradients,primary_main_to_128,jaccard_10,0.9753904371719699,0.9721154386090891,0.9787769964867825,0.001704042327008507,0.0,4783,2914,4783,2914,1050,5,5,crossed_source_seed_multinomial_equal_seed_bootstrap,not_applicable,top_k_pair_identifiable,1.0,0.95,True,1.0,True,0.0,1.0,1.0,5,True,,,0.8,lower,True,pass
cicids2017_multiclass,cnn,integrated_gradients,primary_main_to_128,weighted_jaccard,0.9777614361709259,0.9761823757473981,0.9792937729242829,0.0007875385505149414,0.0,4783,2914,4783,2914,1050,5,5,crossed_source_seed_multinomial_equal_seed_bootstrap,not_applicable,account_pair_nonzero,1.0,0.95,True,1.0,True,0.0,1.0,1.0,5,True,,,,not_predeclared,False,not_predeclared
cicids2017_multiclass,cnn,integrated_gradients,primary_main_to_128,normalized_mass_l1,0.01137399014542748,0.010559284154029822,0.012182565891036938,0.0004137686654836778,0.0,4783,2914,4783,2914,1050,5,5,crossed_source_seed_multinomial_equal_seed_bootstrap,not_applicable,account_pair_nonzero,1.0,0.95,True,1.0,True,0.0,1.0,1.0,5,True,,,,not_predeclared,False,not_predeclared
cicids2017_multiclass,cnn,occlusion,primary_fixed_rule_repeat,spearman,0.9993726030844645,0.9975275602458982,1.0,0.0006995304470649838,0.0,4783,2914,4783,2914,1050,5,5,crossed_source_seed_multinomial_equal_seed_bootstrap,not_applicable,rank_pair_identifiable,0.9993727785908426,0.95,True,0.9989528795811519,True,0.0006272214091574326,0.99916370478779,0.9989546309847376,5,True,,,0.9,lower,True,pass
cicids2017_multiclass,cnn,occlusion,primary_fixed_rule_repeat,jaccard_10,0.9937295194091131,0.9888962121804803,0.997709518550943,0.002242218933277359,0.0,4783,2914,4783,2914,1050,5,5,crossed_source_seed_multinomial_equal_seed_bootstrap,not_applicable,top_k_pair_identifiable,0.9937277859084257,0.95,True,0.9905956112852664,True,0.0006272214091574326,0.99916370478779,0.9989546309847376,5,True,,,0.8,lower,True,pass
cicids2017_multiclass,cnn,occlusion,primary_fixed_rule_repeat,weighted_jaccard,0.9993726030844645,0.9975042858773708,1.0,0.0007174786892879609,0.0,4783,2914,4783,2914,1050,5,5,crossed_source_seed_multinomial_equal_seed_bootstrap,not_applicable,account_pair_nonzero,0.9993727785908426,0.95,True,0.9989528795811519,True,0.0006272214091574326,0.99916370478779,0.9989546309847376,5,True,,,,not_predeclared,False,not_predeclared
cicids2017_multiclass,cnn,occlusion,primary_fixed_rule_repeat,normalized_mass_l1,0.0006273969155355687,0.0,0.002508321596570459,0.0007245596296729057,0.7456,4783,2914,4783,2914,1050,5,5,crossed_source_seed_multinomial_equal_seed_bootstrap,not_applicable,account_pair_nonzero,0.9993727785908426,0.95,True,0.9989528795811519,True,0.0006272214091574326,0.99916370478779,0.9989546309847376,5,True,,,,not_predeclared,False,not_predeclared
cicids2017_multiclass,cnn,shap,primary_stochastic_repeat,spearman,0.9772237417943108,0.9697515839383248,0.9838722076265921,0.0036007670355984317,0.0,320,304,320,304,16,2,5,crossed_source_seed_multinomial_equal_seed_bootstrap,not_applicable,rank_pair_identifiable,1.0,0.95,True,1.0,True,0.0,1.0,1.0,5,True,,,0.9,lower,True,pass
cicids2017_multiclass,cnn,shap,primary_stochastic_repeat,jaccard_10,0.9464962121212122,0.9113714922088763,0.9677911152856447,0.014161393995469595,0.0,320,304,320,304,16,2,5,crossed_source_seed_multinomial_equal_seed_bootstrap,not_applicable,top_k_pair_identifiable,0.990625,0.95,True,0.953125,True,0.0,1.0,1.0,5,True,,,0.8,lower,True,pass
cicids2017_multiclass,cnn,shap,primary_stochastic_repeat,weighted_jaccard,0.9703282020176687,0.9618363038377038,0.9765949362250561,0.0037268694035016313,0.0,320,304,320,304,16,2,5,crossed_source_seed_multinomial_equal_seed_bootstrap,not_applicable,account_pair_nonzero,1.0,0.95,True,1.0,True,0.0,1.0,1.0,5,True,,,,not_predeclared,False,not_predeclared
cicids2017_multiclass,cnn,shap,primary_stochastic_repeat,normalized_mass_l1,0.015549234102747314,0.01206048380496187,0.020257301208763536,0.002073453620472645,0.0,320,304,320,304,16,2,5,crossed_source_seed_multinomial_equal_seed_bootstrap,not_applicable,account_pair_nonzero,1.0,0.95,True,1.0,True,0.0,1.0,1.0,5,True,,,,not_predeclared,False,not_predeclared
cicids2017_multiclass,mlp,integrated_gradients,numerical_sensitivity,spearman,0.999512941415053,0.9994413995272089,0.9995751036589485,3.445184838281897e-05,0.0,4783,2914,4783,2914,1050,5,5,crossed_source_seed_multinomial_equal_seed_bootstrap,not_applicable,rank_pair_identifiable,1.0,0.95,True,1.0,True,0.0,1.0,1.0,5,True,,,0.9,lower,True,pass
cicids2017_multiclass,mlp,integrated_gradients,numerical_sensitivity,jaccard_10,0.9819662809732165,0.9768897135134582,0.9866565696198538,0.002492592453380806,0.0,4783,2914,4783,2914,1050,5,5,crossed_source_seed_multinomial_equal_seed_bootstrap,not_applicable,top_k_pair_identifiable,1.0,0.95,True,1.0,True,0.0,1.0,1.0,5,True,,,0.8,lower,True,pass
cicids2017_multiclass,mlp,integrated_gradients,numerical_sensitivity,weighted_jaccard,0.9870555194946945,0.9856414211435575,0.9881994302882516,0.0006474700836187795,0.0,4783,2914,4783,2914,1050,5,5,crossed_source_seed_multinomial_equal_seed_bootstrap,not_applicable,account_pair_nonzero,1.0,0.95,True,1.0,True,0.0,1.0,1.0,5,True,,,,not_predeclared,False,not_predeclared
cicids2017_multiclass,mlp,integrated_gradients,numerical_sensitivity,normalized_mass_l1,0.0066656021961809895,0.006021054359175107,0.007495394893667916,0.00037420148683047844,0.0,4783,2914,4783,2914,1050,5,5,crossed_source_seed_multinomial_equal_seed_bootstrap,not_applicable,account_pair_nonzero,1.0,0.95,True,1.0,True,0.0,1.0,1.0,5,True,,,,not_predeclared,False,not_predeclared
cicids2017_multiclass,mlp,integrated_gradients,primary_main_to_128,spearman,0.9998216511476592,0.9997951023883335,0.9998455190664194,1.2630160199875857e-05,0.0,4783,2914,4783,2914,1050,5,5,crossed_source_seed_multinomial_equal_seed_bootstrap,not_applicable,rank_pair_identifiable,1.0,0.95,True,1.0,True,0.0,1.0,1.0,5,True,,,0.9,lower,True,pass
cicids2017_multiclass,mlp,integrated_gradients,primary_main_to_128,jaccard_10,0.9922977093650678,0.9895208924935578,0.9951335091086674,0.0014253641072293948,0.0,4783,2914,4783,2914,1050,5,5,crossed_source_seed_multinomial_equal_seed_bootstrap,not_applicable,top_k_pair_identifiable,1.0,0.95,True,1.0,True,0.0,1.0,1.0,5,True,,,0.8,lower,True,pass
cicids2017_multiclass,mlp,integrated_gradients,primary_main_to_128,weighted_jaccard,0.9942595472300706,0.9934914981105574,0.9948378454071634,0.0003471427878868095,0.0,4783,2914,4783,2914,1050,5,5,crossed_source_seed_multinomial_equal_seed_bootstrap,not_applicable,account_pair_nonzero,1.0,0.95,True,1.0,True,0.0,1.0,1.0,5,True,,,,not_predeclared,False,not_predeclared
cicids2017_multiclass,mlp,integrated_gradients,primary_main_to_128,normalized_mass_l1,0.0029191937731775945,0.0025978701606830653,0.0033672890280298053,0.00019496498620355166,0.0,4783,2914,4783,2914,1050,5,5,crossed_source_seed_multinomial_equal_seed_bootstrap,not_applicable,account_pair_nonzero,1.0,0.95,True,1.0,True,0.0,1.0,1.0,5,True,,,,not_predeclared,False,not_predeclared
cicids2017_multiclass,mlp,occlusion,primary_fixed_rule_repeat,spearman,0.9993730389268333,0.9974814579456976,1.0,0.0007249543195217926,0.0,4783,2914,4783,2914,1050,5,5,crossed_source_seed_multinomial_equal_seed_bootstrap,not_applicable,rank_pair_identifiable,0.9993727785908426,0.95,True,0.9989528795811519,True,0.0006272214091574326,0.9993727785908426,0.9977001881664227,5,True,,,0.9,lower,True,pass
cicids2017_multiclass,mlp,occlusion,primary_fixed_rule_repeat,jaccard_10,0.9682138882505757,0.9568187693075326,0.9780282184823569,0.00529497367099752,0.0,4783,2914,4783,2914,1050,5,5,crossed_source_seed_multinomial_equal_seed_bootstrap,not_applicable,top_k_pair_identifiable,0.9682207819360235,0.95,True,0.9581151832460733,True,0.0006272214091574326,0.9993727785908426,0.9977001881664227,5,True,,,0.8,lower,True,pass
cicids2017_multiclass,mlp,occlusion,primary_fixed_rule_repeat,weighted_jaccard,0.9993730389268333,0.9975111539947883,1.0,0.0007021729135214143,0.0,4783,2914,4783,2914,1050,5,5,crossed_source_seed_multinomial_equal_seed_bootstrap,not_applicable,account_pair_nonzero,0.9993727785908426,0.95,True,0.9989528795811519,True,0.0006272214091574326,0.9993727785908426,0.9977001881664227,5,True,,,,not_predeclared,False,not_predeclared
cicids2017_multiclass,mlp,occlusion,primary_fixed_rule_repeat,normalized_mass_l1,0.0006269610731666783,0.0,0.0024920568574385363,0.0007121987457736689,0.7588,4783,2914,4783,2914,1050,5,5,crossed_source_seed_multinomial_equal_seed_bootstrap,not_applicable,account_pair_nonzero,0.9993727785908426,0.95,True,0.9989528795811519,True,0.0006272214091574326,0.9993727785908426,0.9977001881664227,5,True,,,,not_predeclared,False,not_predeclared
cicids2017_multiclass,mlp,shap,primary_stochastic_repeat,spearman,0.9713558165505102,0.9626027433000539,0.9793342669976896,0.004189648044850817,0.0,320,304,320,304,16,2,5,crossed_source_seed_multinomial_equal_seed_bootstrap,not_applicable,rank_pair_identifiable,1.0,0.95,True,1.0,True,0.0,1.0,1.0,5,True,,,0.9,lower,True,pass
cicids2017_multiclass,mlp,shap,primary_stochastic_repeat,jaccard_10,0.8391098484848485,0.7872557238950567,0.885648902233586,0.024684430193700632,0.0,320,304,320,304,16,2,5,crossed_source_seed_multinomial_equal_seed_bootstrap,not_applicable,top_k_pair_identifiable,0.890625,0.95,True,0.875,False,0.0,1.0,1.0,5,True,,,0.8,lower,False,not_evaluable_account_coverage
cicids2017_multiclass,mlp,shap,primary_stochastic_repeat,weighted_jaccard,0.9733419357652797,0.96677935957053,0.9788212555665692,0.0030156033412704923,0.0,320,304,320,304,16,2,5,crossed_source_seed_multinomial_equal_seed_bootstrap,not_applicable,account_pair_nonzero,1.0,0.95,True,1.0,True,0.0,1.0,1.0,5,True,,,,not_predeclared,False,not_predeclared
cicids2017_multiclass,mlp,shap,primary_stochastic_repeat,normalized_mass_l1,0.013832919655508178,0.010891687808301758,0.017390685606685875,0.0016420913401348446,0.0,320,304,320,304,16,2,5,crossed_source_seed_multinomial_equal_seed_bootstrap,not_applicable,account_pair_nonzero,1.0,0.95,True,1.0,True,0.0,1.0,1.0,5,True,,,,not_predeclared,False,not_predeclared
ton_iot_binary,cnn,integrated_gradients,numerical_sensitivity,spearman,0.9988817898034068,0.9985343932650099,0.9992080502632735,0.00017038589007372417,0.0,1280,1269,1280,1269,11,2,5,crossed_source_seed_multinomial_equal_seed_bootstrap,not_applicable,rank_pair_identifiable,1.0,0.95,True,1.0,True,0.0,1.0,1.0,5,True,,,0.9,lower,True,pass
ton_iot_binary,cnn,integrated_gradients,numerical_sensitivity,jaccard_10,0.8425844988344988,0.8090540336183815,0.8740691188075551,0.016560841112993732,0.0,1280,1269,1280,1269,11,2,5,crossed_source_seed_multinomial_equal_seed_bootstrap,not_applicable,top_k_pair_identifiable,0.871875,0.95,True,0.8359375,False,0.0,1.0,1.0,5,True,,,0.8,lower,False,not_evaluable_account_coverage
ton_iot_binary,cnn,integrated_gradients,numerical_sensitivity,weighted_jaccard,0.9366321512085275,0.9291004417193169,0.9434515151587104,0.0036452273555261133,0.0,1280,1269,1280,1269,11,2,5,crossed_source_seed_multinomial_equal_seed_bootstrap,not_applicable,account_pair_nonzero,1.0,0.95,True,1.0,True,0.0,1.0,1.0,5,True,,,,not_predeclared,False,not_predeclared
ton_iot_binary,cnn,integrated_gradients,numerical_sensitivity,normalized_mass_l1,0.03463384967326956,0.03016224240578741,0.03952021911714872,0.002413044916962238,0.0,1280,1269,1280,1269,11,2,5,crossed_source_seed_multinomial_equal_seed_bootstrap,not_applicable,account_pair_nonzero,1.0,0.95,True,1.0,True,0.0,1.0,1.0,5,True,,,,not_predeclared,False,not_predeclared
ton_iot_binary,cnn,integrated_gradients,primary_main_to_128,spearman,0.9994815646241237,0.999176093291418,0.9996861254412467,0.00013159350304081395,0.0,1280,1269,1280,1269,11,2,5,crossed_source_seed_multinomial_equal_seed_bootstrap,not_applicable,rank_pair_identifiable,1.0,0.95,True,1.0,True,0.0,1.0,1.0,5,True,,,0.9,lower,True,pass
ton_iot_binary,cnn,integrated_gradients,primary_main_to_128,jaccard_10,0.8570075757575758,0.8246358015370872,0.8884772905364943,0.01644235591177307,0.0,1280,1269,1280,1269,11,2,5,crossed_source_seed_multinomial_equal_seed_bootstrap,not_applicable,top_k_pair_identifiable,0.871875,0.95,True,0.8359375,False,0.0,1.0,1.0,5,True,,,0.8,lower,False,not_evaluable_account_coverage
ton_iot_binary,cnn,integrated_gradients,primary_main_to_128,weighted_jaccard,0.9710951605874975,0.965116804297838,0.9766367449757256,0.002994400422475327,0.0,1280,1269,1280,1269,11,2,5,crossed_source_seed_multinomial_equal_seed_bootstrap,not_applicable,account_pair_nonzero,1.0,0.95,True,1.0,True,0.0,1.0,1.0,5,True,,,,not_predeclared,False,not_predeclared
ton_iot_binary,cnn,integrated_gradients,primary_main_to_128,normalized_mass_l1,0.01538142333432938,0.012175821185287731,0.01892857534552888,0.0017011144692809911,0.0,1280,1269,1280,1269,11,2,5,crossed_source_seed_multinomial_equal_seed_bootstrap,not_applicable,account_pair_nonzero,1.0,0.95,True,1.0,True,0.0,1.0,1.0,5,True,,,,not_predeclared,False,not_predeclared
ton_iot_binary,cnn,occlusion,primary_fixed_rule_repeat,spearman,1.0,1.0,1.0,0.0,0.0,1280,1269,1280,1269,11,2,5,crossed_source_seed_multinomial_equal_seed_bootstrap,not_applicable,rank_pair_identifiable,1.0,0.95,True,1.0,True,0.0,1.0,1.0,5,True,,,0.9,lower,True,pass
ton_iot_binary,cnn,occlusion,primary_fixed_rule_repeat,jaccard_10,0.77109375,0.7242192809022752,0.815140984267361,0.02341092361057178,0.0,1280,1269,1280,1269,11,2,5,crossed_source_seed_multinomial_equal_seed_bootstrap,not_applicable,top_k_pair_identifiable,0.77109375,0.95,True,0.7109375,False,0.0,1.0,1.0,5,True,,,0.8,lower,False,not_evaluable_account_coverage
ton_iot_binary,cnn,occlusion,primary_fixed_rule_repeat,weighted_jaccard,1.0,1.0,1.0,0.0,0.0,1280,1269,1280,1269,11,2,5,crossed_source_seed_multinomial_equal_seed_bootstrap,not_applicable,account_pair_nonzero,1.0,0.95,True,1.0,True,0.0,1.0,1.0,5,True,,,,not_predeclared,False,not_predeclared
ton_iot_binary,cnn,occlusion,primary_fixed_rule_repeat,normalized_mass_l1,0.0,0.0,0.0,0.0,1.0,1280,1269,1280,1269,11,2,5,crossed_source_seed_multinomial_equal_seed_bootstrap,not_applicable,account_pair_nonzero,1.0,0.95,True,1.0,True,0.0,1.0,1.0,5,True,,,,not_predeclared,False,not_predeclared
ton_iot_binary,cnn,shap,primary_stochastic_repeat,spearman,0.9989689781021898,0.9944100468718671,0.9999809321929758,0.0015904475010216233,0.0,80,80,80,80,0,1,5,crossed_source_seed_multinomial_equal_seed_bootstrap,not_applicable,rank_pair_identifiable,1.0,0.95,True,1.0,True,0.0,1.0,1.0,5,True,,,0.9,lower,True,pass
ton_iot_binary,cnn,shap,primary_stochastic_repeat,jaccard_10,0.49772727272727274,0.3388579067990834,0.6558046251993618,0.0812241256860663,0.0,80,80,80,80,0,1,5,crossed_source_seed_multinomial_equal_seed_bootstrap,not_applicable,top_k_pair_identifiable,0.5,0.95,True,0.4375,False,0.0,1.0,1.0,5,True,,,0.8,lower,False,not_evaluable_account_coverage
ton_iot_binary,cnn,shap,primary_stochastic_repeat,weighted_jaccard,0.9949029587432865,0.9906367229450669,0.9976650037897483,0.0017698124467075782,0.0,80,80,80,80,0,1,5,crossed_source_seed_multinomial_equal_seed_bootstrap,not_applicable,account_pair_nonzero,1.0,0.95,True,1.0,True,0.0,1.0,1.0,5,True,,,,not_predeclared,False,not_predeclared
ton_iot_binary,cnn,shap,primary_stochastic_repeat,normalized_mass_l1,0.0025800437957199484,0.0011680724499331821,0.004607788305408852,0.0008965926672383084,0.0,80,80,80,80,0,1,5,crossed_source_seed_multinomial_equal_seed_bootstrap,not_applicable,account_pair_nonzero,1.0,0.95,True,1.0,True,0.0,1.0,1.0,5,True,,,,not_predeclared,False,not_predeclared
ton_iot_binary,mlp,integrated_gradients,numerical_sensitivity,spearman,0.9990860065547598,0.998666385430568,0.9993778552123007,0.00018736614303139904,0.0,1280,1269,1280,1269,11,2,5,crossed_source_seed_multinomial_equal_seed_bootstrap,not_applicable,rank_pair_identifiable,1.0,0.95,True,1.0,True,0.0,1.0,1.0,5,True,,,0.9,lower,True,pass
ton_iot_binary,mlp,integrated_gradients,numerical_sensitivity,jaccard_10,0.8522253787878787,0.8186206133312907,0.8816494031371592,0.01612656478298943,0.0,1280,1269,1280,1269,11,2,5,crossed_source_seed_multinomial_equal_seed_bootstrap,not_applicable,top_k_pair_identifiable,0.871875,0.95,True,0.8359375,False,0.0,1.0,1.0,5,True,,,0.8,lower,False,not_evaluable_account_coverage
ton_iot_binary,mlp,integrated_gradients,numerical_sensitivity,weighted_jaccard,0.9577624001835258,0.9461421546140977,0.9669409604363844,0.005467162388108512,0.0,1280,1269,1280,1269,11,2,5,crossed_source_seed_multinomial_equal_seed_bootstrap,not_applicable,account_pair_nonzero,1.0,0.95,True,1.0,True,0.0,1.0,1.0,5,True,,,,not_predeclared,False,not_predeclared
ton_iot_binary,mlp,integrated_gradients,numerical_sensitivity,normalized_mass_l1,0.022663460442476812,0.01730335660051547,0.029760269851095797,0.0032506312399560233,0.0,1280,1269,1280,1269,11,2,5,crossed_source_seed_multinomial_equal_seed_bootstrap,not_applicable,account_pair_nonzero,1.0,0.95,True,1.0,True,0.0,1.0,1.0,5,True,,,,not_predeclared,False,not_predeclared
ton_iot_binary,mlp,integrated_gradients,primary_main_to_128,spearman,0.9996413452857122,0.9995471956259299,0.9997212446449597,4.465602460463101e-05,0.0,1280,1269,1280,1269,11,2,5,crossed_source_seed_multinomial_equal_seed_bootstrap,not_applicable,rank_pair_identifiable,1.0,0.95,True,1.0,True,0.0,1.0,1.0,5,True,,,0.9,lower,True,pass
ton_iot_binary,mlp,integrated_gradients,primary_main_to_128,jaccard_10,0.8599668560606061,0.8260071519919391,0.8913562429913857,0.016314847993446936,0.0,1280,1269,1280,1269,11,2,5,crossed_source_seed_multinomial_equal_seed_bootstrap,not_applicable,top_k_pair_identifiable,0.871875,0.95,True,0.8359375,False,0.0,1.0,1.0,5,True,,,0.8,lower,False,not_evaluable_account_coverage
ton_iot_binary,mlp,integrated_gradients,primary_main_to_128,weighted_jaccard,0.981768972837021,0.9767503035780544,0.9854308353667235,0.0022412944225318316,0.0,1280,1269,1280,1269,11,2,5,crossed_source_seed_multinomial_equal_seed_bootstrap,not_applicable,account_pair_nonzero,1.0,0.95,True,1.0,True,0.0,1.0,1.0,5,True,,,,not_predeclared,False,not_predeclared
ton_iot_binary,mlp,integrated_gradients,primary_main_to_128,normalized_mass_l1,0.009366475625697793,0.007399243742668978,0.011816077527432155,0.0011595724612249061,0.0,1280,1269,1280,1269,11,2,5,crossed_source_seed_multinomial_equal_seed_bootstrap,not_applicable,account_pair_nonzero,1.0,0.95,True,1.0,True,0.0,1.0,1.0,5,True,,,,not_predeclared,False,not_predeclared
ton_iot_binary,mlp,occlusion,primary_fixed_rule_repeat,spearman,1.0,1.0,1.0,0.0,0.0,1280,1269,1280,1269,11,2,5,crossed_source_seed_multinomial_equal_seed_bootstrap,not_applicable,rank_pair_identifiable,1.0,0.95,True,1.0,True,0.0,1.0,0.99921875,5,True,,,0.9,lower,True,pass
ton_iot_binary,mlp,occlusion,primary_fixed_rule_repeat,jaccard_10,0.5859375,0.5161938102717379,0.6657498126574674,0.03798040472289818,0.0,1280,1269,1280,1269,11,2,5,crossed_source_seed_multinomial_equal_seed_bootstrap,not_applicable,top_k_pair_identifiable,0.5859375,0.95,True,0.51171875,False,0.0,1.0,0.99921875,5,True,,,0.8,lower,False,not_evaluable_account_coverage
ton_iot_binary,mlp,occlusion,primary_fixed_rule_repeat,weighted_jaccard,1.0,1.0,1.0,0.0,0.0,1280,1269,1280,1269,11,2,5,crossed_source_seed_multinomial_equal_seed_bootstrap,not_applicable,account_pair_nonzero,1.0,0.95,True,1.0,True,0.0,1.0,0.99921875,5,True,,,,not_predeclared,False,not_predeclared
ton_iot_binary,mlp,occlusion,primary_fixed_rule_repeat,normalized_mass_l1,0.0,0.0,0.0,0.0,1.0,1280,1269,1280,1269,11,2,5,crossed_source_seed_multinomial_equal_seed_bootstrap,not_applicable,account_pair_nonzero,1.0,0.95,True,1.0,True,0.0,1.0,0.99921875,5,True,,,,not_predeclared,False,not_predeclared
ton_iot_binary,mlp,shap,primary_stochastic_repeat,spearman,0.9978284671532845,0.9922239399374221,0.9999721141825352,0.002197131783512579,0.0,80,80,80,80,0,1,5,crossed_source_seed_multinomial_equal_seed_bootstrap,not_applicable,rank_pair_identifiable,1.0,0.95,True,1.0,True,0.0,1.0,1.0,5,True,,,0.9,lower,True,pass
ton_iot_binary,mlp,shap,primary_stochastic_repeat,jaccard_10,0.4454545454545455,0.26623896936396946,0.6315715424925951,0.09249154950346355,0.0,80,80,80,80,0,1,5,crossed_source_seed_multinomial_equal_seed_bootstrap,not_applicable,top_k_pair_identifiable,0.45,0.95,True,0.3125,False,0.0,1.0,1.0,5,True,,,0.8,lower,False,not_evaluable_account_coverage
ton_iot_binary,mlp,shap,primary_stochastic_repeat,weighted_jaccard,0.9924716437767362,0.9832765126565589,0.9975579494424325,0.0037179503075912405,0.0,80,80,80,80,0,1,5,crossed_source_seed_multinomial_equal_seed_bootstrap,not_applicable,account_pair_nonzero,1.0,0.95,True,1.0,True,0.0,1.0,1.0,5,True,,,,not_predeclared,False,not_predeclared
ton_iot_binary,mlp,shap,primary_stochastic_repeat,normalized_mass_l1,0.003928447999507862,0.0012612705762860609,0.009367744343068153,0.0021439981807393894,0.0,80,80,80,80,0,1,5,crossed_source_seed_multinomial_equal_seed_bootstrap,not_applicable,account_pair_nonzero,1.0,0.95,True,1.0,True,0.0,1.0,1.0,5,True,,,,not_predeclared,False,not_predeclared
cicids2017_binary,cnn,lime,primary_mean_pairwise,spearman,0.7920970901862854,0.7753424123543956,0.8082235964836889,0.008470981857306582,0.0,98000,80,80,80,0,1,5,crossed_source_seed_multinomial_equal_seed_shared_run_jackknife_u_statistic_bootstrap,shared_run_pseudovalue_draw_per_sampled_seed_occurrence,rank_pair_identifiable,1.0,0.95,True,1.0,True,0.0,1.0,1.0,5,True,50.0,shared_whole_panel_run_jackknife_pseudovalues,0.9,lower,False,fail
cicids2017_binary,cnn,lime,primary_mean_pairwise,jaccard_10,0.6077096344032118,0.5429443086521546,0.6604443940361489,0.03049916926336863,0.0,98000,80,80,80,0,1,5,crossed_source_seed_multinomial_equal_seed_shared_run_jackknife_u_statistic_bootstrap,shared_run_pseudovalue_draw_per_sampled_seed_occurrence,top_k_pair_identifiable,1.0,0.95,True,1.0,True,0.0,1.0,1.0,5,True,50.0,shared_whole_panel_run_jackknife_pseudovalues,0.8,lower,False,fail
cicids2017_binary,cnn,lime,primary_mean_pairwise,weighted_jaccard,0.7289046015490641,0.7159086381657943,0.7427750451933344,0.006807593307196282,0.0,98000,80,80,80,0,1,5,crossed_source_seed_multinomial_equal_seed_shared_run_jackknife_u_statistic_bootstrap,shared_run_pseudovalue_draw_per_sampled_seed_occurrence,account_pair_nonzero,1.0,0.95,True,1.0,True,0.0,1.0,1.0,5,True,50.0,shared_whole_panel_run_jackknife_pseudovalues,,not_predeclared,False,not_predeclared
cicids2017_binary,cnn,lime,primary_mean_pairwise,normalized_mass_l1,0.15838858501764475,0.14923316498929828,0.16724579236492942,0.004665349473262475,0.0,98000,80,80,80,0,1,5,crossed_source_seed_multinomial_equal_seed_shared_run_jackknife_u_statistic_bootstrap,shared_run_pseudovalue_draw_per_sampled_seed_occurrence,account_pair_nonzero,1.0,0.95,True,1.0,True,0.0,1.0,1.0,5,True,50.0,shared_whole_panel_run_jackknife_pseudovalues,,not_predeclared,False,not_predeclared
cicids2017_binary,mlp,lime,primary_mean_pairwise,spearman,0.8788731751772441,0.8698167093185549,0.8888142126354629,0.0049147011979622365,0.0,98000,80,80,80,0,1,5,crossed_source_seed_multinomial_equal_seed_shared_run_jackknife_u_statistic_bootstrap,shared_run_pseudovalue_draw_per_sampled_seed_occurrence,rank_pair_identifiable,1.0,0.95,True,1.0,True,0.0,1.0,1.0,5,True,50.0,shared_whole_panel_run_jackknife_pseudovalues,0.9,lower,False,fail
cicids2017_binary,mlp,lime,primary_mean_pairwise,jaccard_10,0.6343886248305516,0.613850223605052,0.6529101265301819,0.010052389319155959,0.0,98000,80,80,80,0,1,5,crossed_source_seed_multinomial_equal_seed_shared_run_jackknife_u_statistic_bootstrap,shared_run_pseudovalue_draw_per_sampled_seed_occurrence,top_k_pair_identifiable,1.0,0.95,True,1.0,True,0.0,1.0,1.0,5,True,50.0,shared_whole_panel_run_jackknife_pseudovalues,0.8,lower,False,fail
cicids2017_binary,mlp,lime,primary_mean_pairwise,weighted_jaccard,0.7620878120874981,0.7466978780221871,0.7780170338799602,0.00798362795926135,0.0,98000,80,80,80,0,1,5,crossed_source_seed_multinomial_equal_seed_shared_run_jackknife_u_statistic_bootstrap,shared_run_pseudovalue_draw_per_sampled_seed_occurrence,account_pair_nonzero,1.0,0.95,True,1.0,True,0.0,1.0,1.0,5,True,50.0,shared_whole_panel_run_jackknife_pseudovalues,,not_predeclared,False,not_predeclared
cicids2017_binary,mlp,lime,primary_mean_pairwise,normalized_mass_l1,0.13873621905044783,0.12783591927598262,0.1495074591963666,0.0055490381018943,0.0,98000,80,80,80,0,1,5,crossed_source_seed_multinomial_equal_seed_shared_run_jackknife_u_statistic_bootstrap,shared_run_pseudovalue_draw_per_sampled_seed_occurrence,account_pair_nonzero,1.0,0.95,True,1.0,True,0.0,1.0,1.0,5,True,50.0,shared_whole_panel_run_jackknife_pseudovalues,,not_predeclared,False,not_predeclared
cicids2017_multiclass,cnn,lime,primary_mean_pairwise,spearman,0.9251438222452336,0.9057589004463372,0.9421573103438868,0.009370439744528785,0.0,392000,304,320,304,16,2,5,crossed_source_seed_multinomial_equal_seed_shared_run_jackknife_u_statistic_bootstrap,shared_run_pseudovalue_draw_per_sampled_seed_occurrence,rank_pair_identifiable,1.0,0.95,True,1.0,True,0.0,1.0,1.0,5,True,50.0,shared_whole_panel_run_jackknife_pseudovalues,0.9,lower,True,pass
cicids2017_multiclass,cnn,lime,primary_mean_pairwise,jaccard_10,0.7553249881496054,0.73721775122153,0.7715966730196845,0.008526021896656695,0.0,392000,304,320,304,16,2,5,crossed_source_seed_multinomial_equal_seed_shared_run_jackknife_u_statistic_bootstrap,shared_run_pseudovalue_draw_per_sampled_seed_occurrence,top_k_pair_identifiable,1.0,0.95,True,1.0,True,0.0,1.0,1.0,5,True,50.0,shared_whole_panel_run_jackknife_pseudovalues,0.8,lower,False,fail
cicids2017_multiclass,cnn,lime,primary_mean_pairwise,weighted_jaccard,0.8424984008134302,0.8260460285706618,0.8579540018490834,0.008232944335194626,0.0,392000,304,320,304,16,2,5,crossed_source_seed_multinomial_equal_seed_shared_run_jackknife_u_statistic_bootstrap,shared_run_pseudovalue_draw_per_sampled_seed_occurrence,account_pair_nonzero,1.0,0.95,True,1.0,True,0.0,1.0,1.0,5,True,50.0,shared_whole_panel_run_jackknife_pseudovalues,,not_predeclared,False,not_predeclared
cicids2017_multiclass,cnn,lime,primary_mean_pairwise,normalized_mass_l1,0.08619589514970202,0.07658651733045155,0.0964133041641242,0.005092048830384731,0.0,392000,304,320,304,16,2,5,crossed_source_seed_multinomial_equal_seed_shared_run_jackknife_u_statistic_bootstrap,shared_run_pseudovalue_draw_per_sampled_seed_occurrence,account_pair_nonzero,1.0,0.95,True,1.0,True,0.0,1.0,1.0,5,True,50.0,shared_whole_panel_run_jackknife_pseudovalues,,not_predeclared,False,not_predeclared
cicids2017_multiclass,mlp,lime,primary_mean_pairwise,spearman,0.9578189100908133,0.9539394892979288,0.9615121757100137,0.0019304074166989996,0.0,392000,304,320,304,16,2,5,crossed_source_seed_multinomial_equal_seed_shared_run_jackknife_u_statistic_bootstrap,shared_run_pseudovalue_draw_per_sampled_seed_occurrence,rank_pair_identifiable,1.0,0.95,True,1.0,True,0.0,1.0,1.0,5,True,50.0,shared_whole_panel_run_jackknife_pseudovalues,0.9,lower,True,pass
cicids2017_multiclass,mlp,lime,primary_mean_pairwise,jaccard_10,0.84802096712811,0.825487803901943,0.8673850940286351,0.01074854629648254,0.0,392000,304,320,304,16,2,5,crossed_source_seed_multinomial_equal_seed_shared_run_jackknife_u_statistic_bootstrap,shared_run_pseudovalue_draw_per_sampled_seed_occurrence,top_k_pair_identifiable,1.0,0.95,True,1.0,True,0.0,1.0,1.0,5,True,50.0,shared_whole_panel_run_jackknife_pseudovalues,0.8,lower,True,pass
cicids2017_multiclass,mlp,lime,primary_mean_pairwise,weighted_jaccard,0.8884592755174392,0.8828563839425595,0.8939811431675602,0.0028128393406275302,0.0,392000,304,320,304,16,2,5,crossed_source_seed_multinomial_equal_seed_shared_run_jackknife_u_statistic_bootstrap,shared_run_pseudovalue_draw_per_sampled_seed_occurrence,account_pair_nonzero,1.0,0.95,True,1.0,True,0.0,1.0,1.0,5,True,50.0,shared_whole_panel_run_jackknife_pseudovalues,,not_predeclared,False,not_predeclared
cicids2017_multiclass,mlp,lime,primary_mean_pairwise,normalized_mass_l1,0.059472702538933706,0.056238101974371624,0.0626792708669008,0.0016148309596970495,0.0,392000,304,320,304,16,2,5,crossed_source_seed_multinomial_equal_seed_shared_run_jackknife_u_statistic_bootstrap,shared_run_pseudovalue_draw_per_sampled_seed_occurrence,account_pair_nonzero,1.0,0.95,True,1.0,True,0.0,1.0,1.0,5,True,50.0,shared_whole_panel_run_jackknife_pseudovalues,,not_predeclared,False,not_predeclared
ton_iot_binary,cnn,lime,primary_mean_pairwise,spearman,0.7658915189340277,0.7387632522922776,0.7914547488516842,0.01321338868289703,0.0,98000,80,80,80,0,1,5,crossed_source_seed_multinomial_equal_seed_shared_run_jackknife_u_statistic_bootstrap,shared_run_pseudovalue_draw_per_sampled_seed_occurrence,rank_pair_identifiable,1.0,0.95,True,1.0,True,0.0,1.0,1.0,5,True,50.0,shared_whole_panel_run_jackknife_pseudovalues,0.9,lower,False,fail
ton_iot_binary,cnn,lime,primary_mean_pairwise,jaccard_10,0.6377125663452194,0.6007116748293998,0.6800860913662242,0.020671107254948983,0.0,98000,80,80,80,0,1,5,crossed_source_seed_multinomial_equal_seed_shared_run_jackknife_u_statistic_bootstrap,shared_run_pseudovalue_draw_per_sampled_seed_occurrence,top_k_pair_identifiable,1.0,0.95,True,1.0,True,0.0,1.0,1.0,5,True,50.0,shared_whole_panel_run_jackknife_pseudovalues,0.8,lower,False,fail
ton_iot_binary,cnn,lime,primary_mean_pairwise,weighted_jaccard,0.7178938912229332,0.7024935565678047,0.7335246198745476,0.007988669355621075,0.0,98000,80,80,80,0,1,5,crossed_source_seed_multinomial_equal_seed_shared_run_jackknife_u_statistic_bootstrap,shared_run_pseudovalue_draw_per_sampled_seed_occurrence,account_pair_nonzero,1.0,0.95,True,1.0,True,0.0,1.0,1.0,5,True,50.0,shared_whole_panel_run_jackknife_pseudovalues,,not_predeclared,False,not_predeclared
ton_iot_binary,cnn,lime,primary_mean_pairwise,normalized_mass_l1,0.1667541093204617,0.155952541420743,0.1773400153519945,0.005543330993873725,0.0,98000,80,80,80,0,1,5,crossed_source_seed_multinomial_equal_seed_shared_run_jackknife_u_statistic_bootstrap,shared_run_pseudovalue_draw_per_sampled_seed_occurrence,account_pair_nonzero,1.0,0.95,True,1.0,True,0.0,1.0,1.0,5,True,50.0,shared_whole_panel_run_jackknife_pseudovalues,,not_predeclared,False,not_predeclared
ton_iot_binary,mlp,lime,primary_mean_pairwise,spearman,0.7665662288930581,0.7490399543944481,0.7825966096606561,0.00854828766986731,0.0,98000,80,80,80,0,1,5,crossed_source_seed_multinomial_equal_seed_shared_run_jackknife_u_statistic_bootstrap,shared_run_pseudovalue_draw_per_sampled_seed_occurrence,rank_pair_identifiable,1.0,0.95,True,1.0,True,0.0,1.0,1.0,5,True,50.0,shared_whole_panel_run_jackknife_pseudovalues,0.9,lower,False,fail
ton_iot_binary,mlp,lime,primary_mean_pairwise,jaccard_10,0.6696747546671016,0.642559645815184,0.6990937229060751,0.014399180691494517,0.0,98000,80,80,80,0,1,5,crossed_source_seed_multinomial_equal_seed_shared_run_jackknife_u_statistic_bootstrap,shared_run_pseudovalue_draw_per_sampled_seed_occurrence,top_k_pair_identifiable,1.0,0.95,True,1.0,True,0.0,1.0,1.0,5,True,50.0,shared_whole_panel_run_jackknife_pseudovalues,0.8,lower,False,fail
ton_iot_binary,mlp,lime,primary_mean_pairwise,weighted_jaccard,0.7070316497496147,0.6847351270821107,0.7294951189929026,0.011536752813502577,0.0,98000,80,80,80,0,1,5,crossed_source_seed_multinomial_equal_seed_shared_run_jackknife_u_statistic_bootstrap,shared_run_pseudovalue_draw_per_sampled_seed_occurrence,account_pair_nonzero,1.0,0.95,True,1.0,True,0.0,1.0,1.0,5,True,50.0,shared_whole_panel_run_jackknife_pseudovalues,,not_predeclared,False,not_predeclared
ton_iot_binary,mlp,lime,primary_mean_pairwise,normalized_mass_l1,0.17625035200818248,0.16079082530793026,0.1923664688878755,0.008092037756626662,0.0,98000,80,80,80,0,1,5,crossed_source_seed_multinomial_equal_seed_shared_run_jackknife_u_statistic_bootstrap,shared_run_pseudovalue_draw_per_sampled_seed_occurrence,account_pair_nonzero,1.0,0.95,True,1.0,True,0.0,1.0,1.0,5,True,50.0,shared_whole_panel_run_jackknife_pseudovalues,,not_predeclared,False,not_predeclared
