task_id,model,steps,records,median_absolute_residual,p95_absolute_residual,max_absolute_residual,median_normalized_residual,p95_normalized_residual
cicids2017_binary,cnn,32,1280,0.0093502294247957,0.2172279539941665,0.5805406962456239,0.0295563478940249,0.2172804767839847
cicids2017_binary,cnn,64,1280,0.0034307565580801,0.0480103575060307,0.1354541261084847,0.0098851277577865,0.0524332596689094
cicids2017_binary,cnn,128,1280,0.0018022876180347,0.0218946011883147,0.0730273045917897,0.0048916403601134,0.0276487609035872
cicids2017_binary,mlp,32,1280,0.0046097542966648,0.0858443633688099,0.5345409751706414,0.0131223273632247,0.0519091384047832
cicids2017_binary,mlp,64,1280,0.0021479638918874,0.0357062586756375,0.1788758535652554,0.0054781986082301,0.020880557602017
cicids2017_binary,mlp,128,1280,0.0011597849118556,0.01764642088068,0.0618643262608792,0.0027899711827822,0.0113959448649667
ton_iot_binary,cnn,32,1280,0.0249348641510085,0.4419574209838625,0.919461514787832,0.0265604018673484,0.3528920872221844
ton_iot_binary,cnn,64,1280,0.0094529511021642,0.1932940029975204,0.6614082345301918,0.0097736668808489,0.1293697639612778
ton_iot_binary,cnn,128,1280,0.0044479597108284,0.0577560540559098,0.2298608736981081,0.0038089705064678,0.0412124282935452
ton_iot_binary,mlp,32,1280,0.0126288989659152,0.1049594113939447,0.4332843407829686,0.0134303122245512,0.1481417019869555
ton_iot_binary,mlp,64,1280,0.006353001679333,0.0521923931388495,0.1945868585637526,0.0070178105686284,0.0680717092587881
ton_iot_binary,mlp,128,1280,0.0031127794087038,0.0223205575458451,0.1207619132832178,0.0035016322012117,0.0258663382277003
