task_id,model,seed,error_type,n_sources,confidence_q00,confidence_q05,confidence_q25,confidence_q50,confidence_q75,confidence_q95,confidence_q100,model_margin_q00,model_margin_q05,model_margin_q25,model_margin_q50,model_margin_q75,model_margin_q95,model_margin_q100
cicids2017_binary,cnn,42,false_negative,2,0.9998679280251964,0.9998745316239366,0.9999009460188972,0.9999339640125982,0.9999669820062992,0.9999933964012598,1.0,7.24335404812e-05,7.903713922138e-05,0.0001054515341821,0.000138469527883,0.0001714875215839,0.0001979019165446,0.0002045055152848
cicids2017_binary,cnn,42,false_positive,128,0.0002098088589264,0.0002309587755007,0.0003447606140979,0.0004961251979693,0.00105247576721,0.0315537433139977,0.909635365009308,5.303343641599998e-06,2.6453260215910013e-05,0.0001402550988131,0.0002916196826845,0.0008479702519252,0.0313492377987129,0.9094308594940232
cicids2017_binary,cnn,42,true_negative,128,0.9998888500922476,0.999981109586588,0.9999978985823644,0.9999999053877212,0.9999999995075604,0.9999999999999984,1.0,9.33556075324e-05,0.0001856151018727,0.0002024040976493,0.0002044109030058,0.000204505022845,0.000204505515283,0.0002045055152847
cicids2017_binary,cnn,42,true_positive,128,0.9095521569252014,0.9999593675136564,1.0,1.0,1.0,1.0,1.0,0.9093476514099166,0.9997548619983716,0.9997954944847152,0.9997954944847152,0.9997954944847152,0.9997954944847152,0.9997954944847152
cicids2017_binary,cnn,43,false_negative,5,0.9990821842220612,0.9991556106484496,0.9994493163540028,0.99948541354388,0.9997139311162756,0.9999427862232552,1.0,6.967032095410008e-05,0.0001430967473424,0.0004368024528958,0.0004728996427729,0.0007014172151684,0.000930272322148,0.0009874860988929
cicids2017_binary,cnn,43,false_positive,128,0.0009906655177474,0.0011014046031049,0.0016521204961463,0.0050185506697743,0.0148092675954102,0.6808406457304916,0.9911583065986632,3.1794188544999845e-06,0.000113918504212,0.0006646343972534,0.0040310645708814,0.0138217814965173,0.6798531596315988,0.9901708204997705
cicids2017_binary,cnn,43,true_negative,128,0.9992284499458036,0.9998084971033676,0.9999850314777632,0.999997145723114,0.999999747114348,0.9999999998840172,0.9999999999999988,0.0002159360446967,0.0007959832022606,0.000972517576656,0.0009846318220069,0.0009872332132408,0.00098748598291,0.0009874860988916
cicids2017_binary,cnn,43,true_positive,128,0.8597431778907776,0.9999983340501786,1.0,1.0,1.0,1.0,1.0,0.8587556917918847,0.9990108479512856,0.9990125139011072,0.9990125139011072,0.9990125139011072,0.9990125139011072,0.9990125139011072
cicids2017_binary,cnn,44,false_negative,4,0.9999965609333684,0.9999965956837172,0.999996734685112,0.9999979337282524,0.9999993061406088,0.9999998612281218,1.0,5.887209454158436e-06,5.92195980289034e-06,6.060961197817958e-06,7.260004338149882e-06,8.632416694354104e-06,9.187504207375238e-06,9.326276085630523e-06
cicids2017_binary,cnn,44,false_positive,128,9.446691365155855e-06,1.0416886107122992e-05,2.027227264989051e-05,5.205575507716276e-05,0.0002029139759542,0.0059741744771599,0.9764691591262816,1.2041527952533218e-07,1.0906100214924686e-06,1.0945996564259987e-05,4.272947899153223e-05,0.0001935876998685,0.0059648482010742,0.976459832850196
cicids2017_binary,cnn,44,true_negative,128,0.9999916384304016,0.999999195535014,0.9999999955221044,0.9999999996223976,0.9999999999911604,0.9999999999999996,1.0,9.64706487138754e-07,8.521811099626574e-06,9.321798190020656e-06,9.32589848326448e-06,9.326267245967364e-06,9.32627608514182e-06,9.326276085630523e-06
cicids2017_binary,cnn,44,true_positive,128,0.9667783975601196,0.9999999403953552,1.0,1.0,1.0,1.0,1.0,0.966769071284034,0.9999906141192696,0.9999906737239144,0.9999906737239144,0.9999906737239144,0.9999906737239144,0.9999906737239144
cicids2017_binary,cnn,45,false_negative,1,1.0,1.0,1.0,1.0,1.0,1.0,1.0,8.630549359622819e-07,8.630549359622819e-07,8.630549359622819e-07,8.630549359622819e-07,8.630549359622819e-07,8.630549359622819e-07,8.630549359622819e-07
cicids2017_binary,cnn,45,false_positive,128,8.767087820160668e-07,9.66673292168707e-07,2.1228010496088245e-06,6.106825367169222e-06,3.718659354490228e-05,0.0007752109115244,0.6627581119537354,1.3653846053784946e-08,1.0361835620642525e-07,1.2597461136465424e-06,5.24377043120694e-06,3.632353860894e-05,0.0007743478565884,0.6627572488987994
cicids2017_binary,cnn,45,true_negative,128,0.999999651916454,0.999999942395808,0.9999999960896844,0.9999999994602248,0.999999999997962,1.0,1.0,5.149713899754715e-07,8.054507441457303e-07,8.591446204464503e-07,8.625151605989867e-07,8.630528977952834e-07,8.630549359581029e-07,8.630549359622819e-07
cicids2017_binary,cnn,45,true_positive,128,0.2764720320701599,0.999999624490738,1.0,1.0,1.0,1.0,1.0,0.2764711690152239,0.999998761435802,0.999999136945064,0.999999136945064,0.999999136945064,0.999999136945064,0.999999136945064
cicids2017_binary,cnn,46,false_negative,2,0.9999975867183366,0.9999977073824198,0.9999981900387525,0.9999987933591684,0.9999993966795842,0.9999998793359168,1.0,3.88792038847896e-05,3.899986796795928e-05,3.9482524300638027e-05,4.008584471648646e-05,4.068916513233489e-05,4.117182146501363e-05,4.129248554818332e-05
cicids2017_binary,cnn,46,false_positive,128,4.132959293201566e-05,4.727773248305312e-05,7.663045107619837e-05,0.0001936663684318,0.0004772320098709,0.0065682607935741,0.9184094667434692,3.710738383233547e-08,5.985246934869793e-06,3.533796552801505e-05,0.0001523738828836,0.0004359395243227,0.0065269683080259,0.918368174257921
cicids2017_binary,cnn,46,true_negative,128,0.999964629580063,0.9999941797823112,0.9999997550298616,0.999999995704637,0.9999999999942222,1.0,1.0,5.9220656112302095e-06,3.5472267859404384e-05,4.104751540978668e-05,4.128819018522911e-05,4.1292479770396e-05,4.12924855481694e-05,4.1292485548183315e-05
cicids2017_binary,cnn,46,true_positive,128,0.9183282852172852,0.999957337975502,1.0,1.0,1.0,1.0,1.0,0.918286992731737,0.9999160454899538,0.9999587075144518,0.9999587075144518,0.9999587075144518,0.9999587075144518,0.9999587075144518
cicids2017_binary,mlp,42,false_negative,11,0.9999169865841396,0.9999245978942782,0.9999461758452526,0.999958949880238,0.9999937573558668,0.999999999876738,1.0,0.0002779160495265,0.0002855273596651,0.0003071053106395,0.0003198793456249,0.0003546868212537,0.000360929342125,0.000360929465387
cicids2017_binary,mlp,42,false_positive,128,0.0003632318112067,0.0004171076667261,0.0007451698766089,0.0022307392209767,0.0099707259796559,0.1670986812561744,0.9975436925888062,2.3023458197000035e-06,5.6178201339160015e-05,0.0003842404112219,0.0018698097555897,0.0096097965142689,0.1667377517907873,0.9971827631234192
cicids2017_binary,mlp,42,true_negative,128,0.999665913550416,0.9999723847845416,0.9999968272037448,0.999999720398378,0.9999999902428524,0.9999999999999246,1.0,2.6843015803100013e-05,0.0003333142499286,0.0003577566691319,0.0003606498637651,0.0003609197082393,0.0003609294653115,0.000360929465387
cicids2017_binary,mlp,42,true_positive,128,0.6304097175598145,0.9999995470046996,1.0,1.0,1.0,1.0,1.0,0.6300487880944274,0.9996386175393126,0.999639070534613,0.999639070534613,0.999639070534613,0.999639070534613,0.999639070534613
cicids2017_binary,mlp,43,false_negative,10,0.9996686244849116,0.999782701604272,0.9999406082934,0.9999487274344574,0.9999761171961836,0.999999999597892,1.0,0.0002045123837887,0.0003185895031491,0.0004764961922772,0.0004846153333345,0.0005120050950607,0.000535887496769,0.0005358878988771
cicids2017_binary,mlp,43,false_positive,128,0.0005888844025321,0.0007085453165927,0.0016787936619947,0.0098643647506832,0.0309811122715473,0.2952271670103071,0.989482045173645,5.2996503654900045e-05,0.0001726574177155,0.0011429057631175,0.009328476851806,0.03044522437267,0.2946912791114299,0.988946157274768
cicids2017_binary,mlp,43,true_negative,128,0.9997203007224016,0.9999445903202284,0.9999845921415728,0.9999933828651136,0.9999997034748774,0.999999999999998,1.0,0.0002561886212787,0.0004804782191057,0.0005204800404498,0.0005292707639908,0.0005355913737544,0.0005358878988748,0.0005358878988772
cicids2017_binary,mlp,43,true_positive,128,0.8136758208274841,0.9998912721872332,1.0,1.0,1.0,1.0,1.0,0.813139932928607,0.999355384288356,0.9994641121011228,0.9994641121011228,0.9994641121011228,0.9994641121011228,0.9994641121011228
cicids2017_binary,mlp,44,false_negative,5,0.999916816537734,0.9999329594164008,0.9999975309310684,0.999999994808516,0.9999999996765452,0.9999999999353092,1.0,0.000207901088288,0.0002240439669548,0.0002886154816223,0.0002910793590697,0.0002910842270989,0.0002910844858629,0.0002910845505539
cicids2017_binary,mlp,44,false_positive,128,0.0002996151451952,0.0003167269387631,0.0004055950848851,0.0008481596887576,0.0041424313094466,0.0210636758245526,0.8835129141807556,8.530594641299987e-06,2.5642388209225023e-05,0.0001145105343312,0.0005570751382037,0.0038513467588927,0.0207725912739986,0.8832218296302017
cicids2017_binary,mlp,44,true_negative,128,0.9997358231048564,0.9998921850175976,0.9999758871654196,0.9999988048786008,0.999999976195387,1.0,1.0,2.690765541049997e-05,0.0001832695681514,0.0002669717159732,0.0002898894291546,0.0002910607459409,0.0002910845505538,0.0002910845505539
cicids2017_binary,mlp,44,true_positive,128,0.0305627360939979,0.9999999612569808,1.0,1.0,1.0,1.0,1.0,0.0302716515434439,0.9997088767064268,0.999708915449446,0.999708915449446,0.999708915449446,0.999708915449446,0.999708915449446
cicids2017_binary,mlp,45,false_negative,11,0.9995078407227992,0.999724640729255,0.9999663485605196,0.9999743179942016,0.9999898395740274,0.999999996657763,0.9999999999999856,1.5186669770699988e-05,0.0002319866762263,0.0004736945074909,0.0004816639411728,0.0004971855209986,0.0005073426047342,0.0005073459469569
cicids2017_binary,mlp,45,false_positive,128,0.0005287040257826,0.0006210592226124,0.0013818821462336,0.0034785965690388,0.0127479713410138,0.3358191624283789,0.9627379775047302,2.135807881130001e-05,0.0001137132756411,0.0008745361992623,0.0029712506220675,0.0122406253940425,0.3353118164814075,0.9622306315577588
cicids2017_binary,mlp,45,true_negative,128,0.9996530123462436,0.9998956305083994,0.9999969031268848,0.9999995225124962,0.999999925289865,0.9999999999993616,1.0,0.0001603582932147,0.0004029764553707,0.0005042490738559,0.0005068684594674,0.0005072712368362,0.0005073459463329,0.0005073459469713
cicids2017_binary,mlp,45,true_positive,128,0.9037083983421326,0.9999900460243224,1.0,1.0,1.0,1.0,1.0,0.9032010523951612,0.9994827000773512,0.9994926540530288,0.9994926540530288,0.9994926540530288,0.9994926540530288,0.9994926540530288
cicids2017_binary,mlp,46,false_negative,6,0.999415471800603,0.9994875215561478,0.9997162882209524,0.9998647829515902,0.9999803779264766,0.999995507184849,1.0,6.951275281600082e-06,7.900103082647506e-05,0.0003077676956309,0.0004562624262689,0.0005718574011552,0.0005869866595275,0.0005914794746786
cicids2017_binary,mlp,46,false_positive,128,0.0005966452881693,0.0006536206346936,0.0008701147453393,0.0014028709847479,0.0079590103123336,0.4339867681264877,0.8812999129295349,5.165813490699942e-06,6.214116001502501e-05,0.0002786352706606,0.0008113915100693,0.007367530837655,0.4333952886518091,0.8807084334548563
cicids2017_binary,mlp,46,true_negative,128,0.999485985841602,0.9997965094626124,0.9999871266788888,0.9999984122491696,0.99999999911274,0.9999999999999996,1.0,7.746531628070007e-05,0.000387988937291,0.0005786061535671,0.0005898917238482,0.0005914785874183,0.0005914794746781,0.0005914794746786
cicids2017_binary,mlp,46,true_positive,128,0.4056569337844848,0.9999993592500688,1.0,1.0,1.0,1.0,1.0,0.4050654543098062,0.99940787977539,0.9994085205253214,0.9994085205253214,0.9994085205253214,0.9994085205253214,0.9994085205253214
ton_iot_binary,cnn,42,false_negative,128,0.7366845905780792,0.7444171592593193,0.7889451384544373,0.8432678654789925,0.91800207272172,0.999401871030568,1.0,0.000835359096527,0.0085679277777671,0.0530959069728851,0.1074186339974403,0.1821528412401676,0.263552639549016,0.2641507685184479
ton_iot_binary,cnn,42,false_positive,128,0.2642727494239807,0.2873203575611114,0.3788961544632911,0.5390090942382812,0.5887911319732666,0.9656297236680984,0.99913489818573,0.0001219809055328,0.0231695890426635,0.1147453859448432,0.2748583257198334,0.3246403634548187,0.7014789551496505,0.7349841296672821
ton_iot_binary,cnn,42,true_negative,128,0.7913560569286346,0.991673764307052,0.9995911408113898,0.9999508937617064,0.9999979921007592,0.9999999451761216,1.0,0.0555068254470825,0.2558245328254998,0.2637419093298376,0.2641016622801544,0.2641487606192072,0.2641507136945696,0.2641507685184479
ton_iot_binary,cnn,42,true_positive,128,0.2763422727584839,0.84139102101326,0.9956928938627244,0.999754935503006,0.9999544322490692,0.9999968409538268,0.9999998211860656,0.012191504240036,0.5772402524948121,0.7315421253442764,0.7356041669845581,0.7358036637306213,0.7358460724353789,0.7358490526676177
ton_iot_binary,cnn,43,false_negative,128,0.7350586652755737,0.7425582796335221,0.7857388257980347,0.8439469411969185,0.9471470341086388,0.9994337533455108,1.0,0.0002006888389587,0.007700303196907,0.0508808493614197,0.1090889647603035,0.2122890576720238,0.2645757769088959,0.265142023563385
ton_iot_binary,cnn,43,false_positive,128,0.2655036747455597,0.2936166927218436,0.3737032786011696,0.5240447223186493,0.676522970199585,0.9709365606307984,0.9954736828804016,0.0003616511821746,0.0284746691584585,0.1085612550377845,0.2589026987552643,0.4113809466361999,0.7057945370674134,0.7303316593170166
ton_iot_binary,cnn,43,true_negative,128,0.8257743716239929,0.9462625522166492,0.999209601970506,0.9998976020760892,0.9999891226775616,0.9999999983327552,1.0,0.090916395187378,0.211404575780034,0.264351625533891,0.2650396256394742,0.2651311462409466,0.2651420218961404,0.2651420235633849
ton_iot_binary,cnn,43,true_positive,128,0.4700700938701629,0.8905863285064697,0.9918548762798308,0.9994017779827118,0.9999053776264192,0.999993935227394,0.999997615814209,0.2049280703067779,0.6254443049430847,0.7267128527164459,0.7342597544193268,0.7347633540630341,0.7348519116640091,0.734855592250824
ton_iot_binary,cnn,44,false_negative,128,0.7166814208030701,0.7258164674043656,0.7573121748864651,0.8270613104104996,0.9024985898286104,0.9930655373958872,0.9999999999999996,0.0015754997730255,0.0107105463743209,0.0422062538564204,0.1119553893804549,0.1873926687985657,0.2779596163658425,0.284894078969955
ton_iot_binary,cnn,44,false_positive,128,0.2849486768245697,0.3035272195935249,0.3853373751044273,0.5388556122779846,0.7723647207021713,0.9696644514799118,0.9988879561424256,5.459785461431333e-05,0.0186331406235694,0.1004432961344719,0.2539615333080292,0.4874706417322159,0.6847703725099564,0.7139938771724703
ton_iot_binary,cnn,44,true_negative,128,0.7312590479850769,0.9053132846951484,0.9985439559677616,0.9997139053302816,0.9999864101851016,0.9999999793950546,1.0,0.0161531269550322,0.1902073636651038,0.2834380349377169,0.2846079843002371,0.284880489155057,0.2848940583650098,0.2848940789699554
ton_iot_binary,cnn,44,true_positive,128,0.3474406599998474,0.9361512124538424,0.994800180196762,0.9993439316749572,0.9998774230480196,0.999967196583748,0.9999958276748656,0.062546581029892,0.6512571334838869,0.7099061012268066,0.7144498527050018,0.7149833440780642,0.7150731176137924,0.7151017487049103
ton_iot_binary,cnn,45,false_negative,128,0.7305505573749542,0.7438339918851853,0.7794158905744553,0.838075190782547,0.9225458893924952,0.9987576687941327,0.9999999995943144,0.0001902878284454,0.0134737223386764,0.0490556210279464,0.1077149212360382,0.1921856198459864,0.268397399247624,0.2696397300478054
ton_iot_binary,cnn,45,false_positive,128,0.2793424129486084,0.2860388800501823,0.3901720196008682,0.5349072217941284,0.7800297141075134,0.9725058525800704,0.9930765628814696,0.0097026824951171,0.016399149596691,0.120532289147377,0.2652674913406372,0.5103899836540222,0.7028661221265793,0.7234368324279784
ton_iot_binary,cnn,45,true_negative,128,0.7932877987623215,0.996640565781854,0.9995672017685138,0.9999536642226304,0.9999984369267166,0.9999999501507872,1.0,0.0629275292158127,0.2662802962353453,0.269206932222005,0.2695933946761215,0.2696381673802079,0.2696396806042784,0.2696397304534912
ton_iot_binary,cnn,45,true_positive,128,0.4545390009880066,0.9218170642852782,0.994936779141426,0.9993282854557036,0.9999239295721056,0.999980702996254,1.0,0.1848992705345153,0.652177333831787,0.7252970486879349,0.7296885550022125,0.7302841991186143,0.7303409725427629,0.7303602695465088
ton_iot_binary,cnn,46,false_negative,128,0.7578945010900497,0.7640364803373814,0.8087008483707905,0.8421114310622215,0.9324891064316034,0.999162765557412,1.0,0.001493141055107,0.0076351203024385,0.0522994883358477,0.0857100710272787,0.1760877463966608,0.2427614055224693,0.2435986399650573
ton_iot_binary,cnn,46,false_positive,128,0.2477540522813797,0.2563921689987182,0.3227125108242034,0.4698426574468612,0.5572550594806671,0.9666038125753402,0.9846911430358888,0.0041554123163224,0.0127935290336609,0.0791138708591461,0.2262440174818039,0.3136564195156098,0.723005172610283,0.7410925030708315
ton_iot_binary,cnn,46,true_negative,128,0.7714179009199142,0.9865552727133036,0.9992549029848306,0.99987255189626,0.9999769084447508,0.9999999921897283,1.0,0.0150165408849715,0.2301539126783607,0.2428535429498879,0.2434711918613173,0.243575548409808,0.2435986321547857,0.2435986399650573
ton_iot_binary,cnn,46,true_positive,128,0.4694007635116577,0.7777834773063661,0.9939315915107728,0.9996925592422484,0.9999839961528778,0.9999973058700562,0.9999998807907104,0.2258021235466004,0.5341848373413088,0.7503329515457154,0.7560939192771914,0.7563853561878205,0.7563986659049989,0.7564012408256532
ton_iot_binary,mlp,42,false_negative,128,0.8137267827987671,0.8205699101090431,0.8705688528716564,0.9205380827188492,0.9634527913294731,0.9995157039156766,0.9999999131037428,0.0015508085489272,0.0083939358592033,0.0583928786218165,0.1083621084690093,0.1512768170796335,0.1873397296658368,0.1878239388539029
ton_iot_binary,mlp,42,false_positive,128,0.1938520818948745,0.2230032108724116,0.2789709493517875,0.4222879856824875,0.5885980576276779,0.9677274137735368,0.9996535778045654,0.0060280561447143,0.0351791851222514,0.0911469236016273,0.2344639599323272,0.4007740318775177,0.7799033880233764,0.8118295520544052
ton_iot_binary,mlp,42,true_negative,128,0.8813207596540451,0.9889032223727554,0.9997344606599656,0.9999909286229922,0.999999968842086,0.999999999945314,0.9999999999999796,0.0691447854042053,0.1767272481229156,0.1875584864101256,0.1878149543731523,0.1878239945922461,0.1878240256954738,0.1878240257501397
ton_iot_binary,mlp,42,true_positive,128,0.239450454711914,0.9562339544296264,0.9984078705310822,0.999934583902359,0.999999463558197,1.0,1.0,0.0516264289617538,0.7684099286794661,0.8105838447809219,0.8121105581521988,0.8121754378080368,0.8121759742498398,0.8121759742498398
ton_iot_binary,mlp,43,false_negative,128,0.8220622837543488,0.828572965413332,0.8551467806100845,0.9007982164621352,0.939998172223568,0.9993843748205108,0.9997037049615756,0.0023718774318695,0.0088825590908526,0.0354563742876053,0.081107810139656,0.1203077659010886,0.1796939684980316,0.1800132986390963
ton_iot_binary,mlp,43,false_positive,128,0.185743972659111,0.2210681088268756,0.3031651675701141,0.5626000761985779,0.6269391626119614,0.962891575694084,0.998525857925415,0.0054343789815902,0.0407585151493549,0.1228555738925934,0.3822904825210571,0.4466295689344406,0.7825819820165634,0.8182162642478943
ton_iot_binary,mlp,43,true_negative,128,0.822331577539444,0.9740868686465546,0.999694636746426,0.9999888352999732,0.999999834497192,0.9999999997330676,0.9999999999999064,0.0026411712169646,0.1543964623240753,0.1800042304239468,0.1802984289774939,0.1803094281747128,0.1803095934105881,0.180309593677427
ton_iot_binary,mlp,43,true_positive,128,0.3524391949176788,0.5880057841539383,0.998087763786316,0.9998970329761504,0.9999981820583344,1.0,1.0,0.172129601240158,0.4076961904764176,0.8177781701087954,0.8195874392986298,0.8196885883808136,0.8196904063224792,0.8196904063224792
ton_iot_binary,mlp,44,false_negative,128,0.8259672373533249,0.8384876325726509,0.862183291465044,0.9142521321773528,0.9429465066641568,0.999362181982724,0.999795178155182,4.203617572778873e-05,0.0125624313950537,0.0362580902874469,0.0883269309997558,0.1170213054865598,0.1734369808051269,0.1738699769775849
ton_iot_binary,mlp,44,false_positive,128,0.176960289478302,0.1861590035259723,0.2465338557958602,0.4238180518150329,0.5918444246053696,0.976631373167038,0.9991641640663148,0.0028854906558991,0.0120842047035694,0.0724590569734572,0.24974325299263,0.4177696257829666,0.8025565743446352,0.825089365243912
ton_iot_binary,mlp,44,true_negative,128,0.8883755654096603,0.9964900803286584,0.9999015270022936,0.9999994536510712,0.9999999390179708,0.9999999998407458,1.0,0.0624503642320632,0.1705648791510612,0.1739763258246966,0.174074252473474,0.1740747378403736,0.1740747986631486,0.1740747988224029
ton_iot_binary,mlp,44,true_positive,128,0.2746592164039612,0.915105578303337,0.9974770694971083,0.9999751150608064,0.9999998211860656,1.0,1.0,0.1005844175815582,0.7410307794809341,0.8234022706747055,0.8259003162384033,0.8259250223636627,0.825925201177597,0.825925201177597
ton_iot_binary,mlp,45,false_negative,128,0.8381539434194565,0.8542572386562824,0.8886041603982449,0.9237000979483128,0.9663029154762623,0.9994873795483727,0.9999750854258308,0.0033341050148009,0.0194374002516269,0.0537843219935892,0.0888802595436571,0.1314830770716071,0.1646675411437172,0.1651552470211754
ton_iot_binary,mlp,45,false_positive,128,0.165615364909172,0.1847039349377154,0.2991404607892036,0.5913003087043762,0.8486400097608566,0.960756814479828,0.9669223427772522,0.0004352033138275,0.0195237733423709,0.1339602991938591,0.4261201471090317,0.6834598481655121,0.7955766528844834,0.8017421811819077
ton_iot_binary,mlp,45,true_negative,128,0.9084293693304062,0.9922258774749936,0.9997927080366936,0.9999865892332308,0.9999999544984924,0.9999999999398062,1.0,0.0736095309257506,0.157406039070338,0.1649728696320379,0.1651667508285754,0.1651801160938369,0.1651801615351505,0.1651801615953445
ton_iot_binary,mlp,45,true_positive,128,0.4332122206687927,0.875677439570427,0.996321201324463,0.9998573064804078,0.9999995827674866,1.0,1.0,0.2680320590734482,0.7104972779750824,0.8311410397291186,0.8346771448850634,0.834819421172142,0.8348198384046555,0.8348198384046555
ton_iot_binary,mlp,46,false_negative,128,0.842261478304863,0.8498923540115356,0.8907148167490959,0.9233052842319012,0.9586481023579836,0.9995834502813524,0.9999937968432278,4.136562347409334e-05,0.0076722413301466,0.0484947040677069,0.0810851715505122,0.1164279896765946,0.1573633375999633,0.1577736841618388
ton_iot_binary,mlp,46,false_positive,128,0.1580980122089386,0.1665705688297747,0.2322773076593875,0.5652332603931427,0.7294755131006241,0.9641003608703612,0.9982268214225768,0.0003181248903275,0.0087906815111636,0.0744974203407764,0.4074533730745315,0.5716956257820129,0.8063204735517503,0.8404469341039658
ton_iot_binary,mlp,46,true_negative,128,0.9411888755857944,0.9911474515218288,0.9993651560071156,0.999984437344665,0.9999998167101828,0.9999999999852937,1.0,0.0989687629044056,0.1489273388404398,0.1571450433257268,0.1577643246632759,0.157779704028794,0.1577798873039046,0.157779887318611
ton_iot_binary,mlp,46,true_positive,128,0.59534752368927,0.7914064288139344,0.9988729655742646,0.9999513626098632,0.9999988377094268,1.0,1.0,0.4375676363706589,0.6336265414953233,0.8410930782556536,0.8421714752912521,0.8422189503908157,0.8422201126813889,0.8422201126813889
