task_id,model,metric,mean,sd,n_seeds
cicids2017_binary,cnn,accuracy,0.9809904153354634,0.003208772343348144,5
cicids2017_binary,cnn,f1,0.9820545466700921,0.002985402319353378,5
cicids2017_binary,cnn,fpr,0.03951893043757474,0.006714698700306478,5
cicids2017_binary,cnn,threshold,0.00024869468614949523,0.0004211587765753656,5
cicids2017_binary,mlp,accuracy,0.9785353959979822,0.0018950908846440092,5
cicids2017_binary,mlp,f1,0.9797749893212993,0.0017503640860168895,5
cicids2017_binary,mlp,fpr,0.04446390518726097,0.003937252643574857,5
cicids2017_binary,mlp,threshold,0.0004573454672936,0.00012609483665380867,5
ton_iot_binary,cnn,accuracy,0.9722365929758127,0.00043261605173804905,5
ton_iot_binary,cnn,f1,0.9728134224752537,0.0004274190446635979,5
ton_iot_binary,cnn,fpr,0.04898263953705428,0.00039616990396659926,5
ton_iot_binary,cnn,threshold,0.2654850482940674,0.014789224909144543,5
ton_iot_binary,mlp,accuracy,0.9734419584522254,0.00026740612526008343,5
ton_iot_binary,mlp,f1,0.9740292255128129,0.0002571494967618302,5
ton_iot_binary,mlp,fpr,0.04916931118163146,0.0004704355224661963,5
ton_iot_binary,mlp,threshold,0.1730336934328079,0.011907278427001386,5
