task_id,model,seed,n,threshold,accuracy,balanced_accuracy,precision,recall,f1,f2,fpr,fnr,pr_auc,roc_auc,log_loss,brier_score,ece,macro_f1,weighted_f1,macro_precision,macro_recall,macro_f1_all_classes_descriptive,supported_macro_f1,supported_weighted_f1,supported_balanced_accuracy,supported_log_loss
cicids2017_binary,mlp,42,71364,0.000360929465387,0.9792892775068662,0.9784400977036908,0.9619583538625108,0.9997035599752068,0.9804678208008458,0.9919193971902392,0.0428233645678255,0.0002964400247931,0.9999272848474546,0.999893617280628,0.0092771705550485,0.0020975517489931,0.0024178276134104,,,,,,,,,
cicids2017_binary,mlp,43,71364,0.0005358878988772,0.9775517067428956,0.9766291276112202,0.9588513530977796,0.9997305090683698,0.9788643200168874,0.9912781842376694,0.0464722538459293,0.0002694909316301,0.9999242558717432,0.9998928380799746,0.0096454041060843,0.0021937346820579,0.0023097444784015,,,,,,,,,
cicids2017_binary,mlp,44,71364,0.0002910845505539,0.9811950002802532,0.9804183674077936,0.965217617523869,0.999865254534185,0.9822359886691552,0.992738150663306,0.0390285197185976,0.000134745465815,0.9999379873932674,0.9998987755024182,0.0067374219060265,0.0013408458384588,0.0013650266348366,,,,,,,,,
cicids2017_binary,mlp,45,71364,0.0005073459469713,0.9785045681295892,0.9776227465053956,0.960563453222507,0.9997035599752068,0.9797427567810264,0.9916224264489674,0.044458066964416,0.0002964400247931,0.9999258933167248,0.9998939744306498,0.0079539078079584,0.001761168726361,0.0015238558429765,,,,,,,,,
cicids2017_binary,mlp,46,71364,0.0005914794746786,0.9761364273303066,0.9751504923007428,0.9562606319913396,0.999838305441022,0.9775640603385812,0.9908079006120944,0.0495373208395364,0.000161694558978,0.9999510024243,0.9999304953803986,0.0071235295721292,0.0016078674930941,0.0014333981932856,,,,,,,,,
cicids2017_binary,cnn,42,71364,0.0002045055152848,0.9790790874950956,0.9782110752522262,0.9613690537879572,0.999946101813674,0.980278192409812,0.9919849858841646,0.0435239513092214,5.389818632603013e-05,0.9999797942852774,0.9999651169056372,0.0044101538093044,0.0009734384882787,0.0008872908843917,,,,,,,,,
cicids2017_binary,cnn,43,71364,0.0009874860988929,0.9812090129477048,0.980432962964906,0.9652427285498724,0.999865254534185,0.982248990667814,0.992743463230336,0.0389993286043728,0.000134745465815,0.9999665980750736,0.999950536688669,0.0053947157082414,0.0012618035648736,0.000575849956218,,,,,,,,,
cicids2017_binary,cnn,44,71364,9.326276085630523e-06,0.986477775909422,0.9859197714286432,0.9747530474989492,0.999892203627348,0.9871626025994068,0.9947611693799198,0.0280526607700615,0.000107796372652,0.9999757191530768,0.9999606454502986,0.0064329718996299,0.0011933450507449,0.0010341338282966,,,,,,,,,
cicids2017_binary,cnn,45,71364,8.630549359622819e-07,0.979387366179026,0.9785310564981684,0.9618934052260472,0.999973050906837,0.9805636668736704,0.9921178156616972,0.0429109379105,2.6949093163015065e-05,0.9999821396718288,0.9999677274834948,0.004898253168873,0.0010516397804795,0.0008586941369115,,,,,,,,,
cicids2017_binary,cnn,46,71364,4.129248554818332e-05,0.978798834146068,0.977919164109978,0.960871141495753,0.999946101813674,0.980019280799757,0.9918789161908428,0.044107773593718,5.389818632603013e-05,0.9999769988014676,0.9999616169927588,0.0053670813407987,0.0011590230792479,0.0010772517711939,,,,,,,,,
ton_iot_binary,mlp,42,74998,0.1878240257501602,0.973625963359023,0.973625963359023,0.9533399698802868,0.9959998933304888,0.974203140487245,0.987165187421038,0.0487479666124429,0.0040001066695111,0.998233152856468,0.9982570650891552,0.0508795111274888,0.0145577554611129,0.0031452840868787,,,,,,,,,
ton_iot_binary,mlp,43,74998,0.1803095936775207,0.9733459558921572,0.9733459558921572,0.953014139145526,0.9957865543081148,0.973930960733428,0.9869276554356214,0.0490946425238006,0.0042134456918851,0.9981502224255407,0.998244162001,0.0510055240985249,0.0145599988101097,0.0028338838587139,,,,,,,,,
ton_iot_binary,mlp,44,74998,0.1740747988224029,0.973199285314275,0.973199285314275,0.952469592268659,0.9961065628416758,0.9737994681683092,0.9870621997431466,0.0497079922131256,0.0038934371583242,0.9982977744661684,0.9983247718112432,0.0500412205558649,0.014442247484951,0.0024803393872322,,,,,,,,,
ton_iot_binary,mlp,45,74998,0.1651801615953445,0.9738126350036,0.9738126350036,0.9534029142317604,0.9963199018640496,0.9743890671048172,0.9874301602152412,0.0486946318568495,0.0036800981359502,0.9983096627642482,0.9983423748833948,0.0494958262073896,0.0143005704746425,0.0017334171672625,,,,,,,,,
ton_iot_binary,mlp,46,74998,0.1577798873186111,0.9732259526920718,0.9732259526920718,0.9525643314376068,0.9960532280860824,0.9738234910702648,0.987040648601796,0.0496013227019387,0.0039467719139177,0.9983426664035054,0.998364237027138,0.0491420791130132,0.0141501973809911,0.0014784421461356,,,,,,,,,
ton_iot_binary,cnn,42,74998,0.2641507685184479,0.9720525880690152,0.9720525880690152,0.9525733132206684,0.9935731619509852,0.9726413616665796,0.98509325309742,0.049467985812955,0.0064268380490146,0.9974077255040898,0.9977498351928104,0.0587056601428204,0.0166358809948481,0.0051685958868195,,,,,,,,,
ton_iot_binary,cnn,43,74998,0.265142023563385,0.9726392703805434,0.9726392703805437,0.9534372041855348,0.993813168351156,0.973206591283002,0.9854666998090784,0.048534627590069,0.0061868316488439,0.9974646250126138,0.997691210910668,0.0591323017803599,0.0168325531664133,0.0042700379093929,,,,,,,,,
ton_iot_binary,cnn,44,74998,0.2848940789699554,0.971719245846556,0.971719245846556,0.9529369590822964,0.9924531320835224,0.9722937050148264,0.9842898704046548,0.0490146403904104,0.0075468679164777,0.9969554075233305,0.9975359827208304,0.0606579215838953,0.0169981181894298,0.0051560898758304,,,,,,,,,
ton_iot_binary,cnn,45,74998,0.2696397304534912,0.9720392543801168,0.9720392543801168,0.952757315326376,0.9933331555508148,0.9726222338272732,0.9849438368624795,0.049254646790581,0.0066668444491853,0.9973601486529776,0.997691130906401,0.0582028293109987,0.016613832940591,0.0030512327385005,,,,,,,,,
ton_iot_binary,cnn,46,74998,0.2435986399650573,0.972732606202832,0.972732606202832,0.9533527696793004,0.99410650950692,0.9733032205845876,0.985679383176977,0.048641297101256,0.0058934904930798,0.9977809395934168,0.9978472035857222,0.0568293539324857,0.0163650536780514,0.0035896843026892,,,,,,,,,
