task_id,model,method,analysis_role,estimate,ci_low,ci_high,bootstrap_design,metric,coverage,available_sources,available_seed_flow_cells,available_pair_rows,n_unique_sources,n_seed_flow_cells,n_seeds,n_rows,status,panel,target,reference,operator,seed,source,interval_source,uncertainty_scope,n_resamples
cicids2017_binary,cnn,integrated_gradients,primary_main_to_128,0.9988306648258986,0.9985111418945012,0.9991080372538234,crossed_source_seed_multinomial_equal_seed_bootstrap,spearman,1.0,1276,1280,1280,1276,1280,5,1280,available_verified,central,fixed correct class shared by MLP and CNN,training_median,not_applicable,42;43;44;45;46,results/source_records/statistics/repeatability_metric_fixed.csv.gz,tables/leakage_free_tabular/epistemic_audit/repeatability_summary.csv,source/seed; observed probes only,
cicids2017_binary,cnn,integrated_gradients,primary_main_to_128,0.964275308025308,0.9575747494430328,0.9704405274928533,crossed_source_seed_multinomial_equal_seed_bootstrap,jaccard_10,1.0,1276,1280,1280,1276,1280,5,1280,available_verified,central,fixed correct class shared by MLP and CNN,training_median,not_applicable,42;43;44;45;46,results/source_records/statistics/repeatability_metric_fixed.csv.gz,tables/leakage_free_tabular/epistemic_audit/repeatability_summary.csv,source/seed; observed probes only,
cicids2017_binary,cnn,lime,primary_mean_pairwise,0.7920970901862854,0.7753424123543956,0.8082235964836889,crossed_source_seed_multinomial_equal_seed_shared_run_jackknife_u_statistic_bootstrap,spearman,1.0,80,80,98000,80,80,5,98000,available_verified,stochastic,fixed correct class shared by MLP and CNN,resampled_training_background,not_applicable,42;43;44;45;46,results/source_records/statistics/repeatability_metric_fixed.csv.gz,tables/leakage_free_tabular/epistemic_audit/repeatability_summary.csv,source/seed + shared-run jackknife,
cicids2017_binary,cnn,lime,primary_mean_pairwise,0.6077096344032118,0.5429443086521546,0.6604443940361489,crossed_source_seed_multinomial_equal_seed_shared_run_jackknife_u_statistic_bootstrap,jaccard_10,1.0,80,80,98000,80,80,5,98000,available_verified,stochastic,fixed correct class shared by MLP and CNN,resampled_training_background,not_applicable,42;43;44;45;46,results/source_records/statistics/repeatability_metric_fixed.csv.gz,tables/leakage_free_tabular/epistemic_audit/repeatability_summary.csv,source/seed + shared-run jackknife,
cicids2017_binary,cnn,occlusion,primary_fixed_rule_repeat,1.0,1.0,1.0,crossed_source_seed_equal_seed_observed_runs_conditional,spearman,0.8359375,1276,1280,1280,1067,1070,5,1070,reaggregated,central,fixed correct class shared by MLP and CNN,training_median,not_applicable,42;43;44;45;46,results/source_records/statistics/repeatability_metric_fixed.csv.gz,new conditional source/seed bootstrap,source/seed; observed probes only,5000.0
cicids2017_binary,cnn,occlusion,primary_fixed_rule_repeat,1.0,1.0,1.0,crossed_source_seed_equal_seed_observed_runs_conditional,jaccard_10,0.4609375,1276,1280,1280,588,590,5,590,reaggregated,central,fixed correct class shared by MLP and CNN,training_median,not_applicable,42;43;44;45;46,results/source_records/statistics/repeatability_metric_fixed.csv.gz,new conditional source/seed bootstrap,source/seed; observed probes only,5000.0
cicids2017_binary,cnn,shap,primary_stochastic_repeat,0.974626379520539,0.9564238551188328,0.9901313675441855,crossed_source_seed_equal_seed_observed_runs_conditional,spearman,0.825,80,80,80,66,66,5,66,reaggregated,stochastic,fixed correct class shared by MLP and CNN,training_median,not_applicable,42;43;44;45;46,results/source_records/statistics/repeatability_metric_fixed.csv.gz,new conditional source/seed bootstrap,source/seed; observed probes only,5000.0
cicids2017_binary,cnn,shap,primary_stochastic_repeat,0.9430472557745284,0.905048285048285,0.9776233766233767,crossed_source_seed_equal_seed_observed_runs_conditional,jaccard_10,0.7125,80,80,80,57,57,5,57,reaggregated,stochastic,fixed correct class shared by MLP and CNN,training_median,not_applicable,42;43;44;45;46,results/source_records/statistics/repeatability_metric_fixed.csv.gz,new conditional source/seed bootstrap,source/seed; observed probes only,5000.0
cicids2017_binary,mlp,integrated_gradients,primary_main_to_128,0.9996566370829404,0.9995675778199576,0.9997321186241466,crossed_source_seed_multinomial_equal_seed_bootstrap,spearman,1.0,1276,1280,1280,1276,1280,5,1280,available_verified,central,fixed correct class shared by MLP and CNN,training_median,not_applicable,42;43;44;45;46,results/source_records/statistics/repeatability_metric_fixed.csv.gz,tables/leakage_free_tabular/epistemic_audit/repeatability_summary.csv,source/seed; observed probes only,
cicids2017_binary,mlp,integrated_gradients,primary_main_to_128,0.9886363636363636,0.98376428470038,0.9926742455175418,crossed_source_seed_multinomial_equal_seed_bootstrap,jaccard_10,1.0,1276,1280,1280,1276,1280,5,1280,available_verified,central,fixed correct class shared by MLP and CNN,training_median,not_applicable,42;43;44;45;46,results/source_records/statistics/repeatability_metric_fixed.csv.gz,tables/leakage_free_tabular/epistemic_audit/repeatability_summary.csv,source/seed; observed probes only,
cicids2017_binary,mlp,lime,primary_mean_pairwise,0.8788731751772441,0.8698167093185549,0.8888142126354629,crossed_source_seed_multinomial_equal_seed_shared_run_jackknife_u_statistic_bootstrap,spearman,1.0,80,80,98000,80,80,5,98000,available_verified,stochastic,fixed correct class shared by MLP and CNN,resampled_training_background,not_applicable,42;43;44;45;46,results/source_records/statistics/repeatability_metric_fixed.csv.gz,tables/leakage_free_tabular/epistemic_audit/repeatability_summary.csv,source/seed + shared-run jackknife,
cicids2017_binary,mlp,lime,primary_mean_pairwise,0.6343886248305516,0.613850223605052,0.6529101265301819,crossed_source_seed_multinomial_equal_seed_shared_run_jackknife_u_statistic_bootstrap,jaccard_10,1.0,80,80,98000,80,80,5,98000,available_verified,stochastic,fixed correct class shared by MLP and CNN,resampled_training_background,not_applicable,42;43;44;45;46,results/source_records/statistics/repeatability_metric_fixed.csv.gz,tables/leakage_free_tabular/epistemic_audit/repeatability_summary.csv,source/seed + shared-run jackknife,
cicids2017_binary,mlp,occlusion,primary_fixed_rule_repeat,1.0,1.0,1.0,crossed_source_seed_equal_seed_observed_runs_conditional,spearman,0.68984375,1276,1280,1280,880,883,5,883,reaggregated,central,fixed correct class shared by MLP and CNN,training_median,not_applicable,42;43;44;45;46,results/source_records/statistics/repeatability_metric_fixed.csv.gz,new conditional source/seed bootstrap,source/seed; observed probes only,5000.0
cicids2017_binary,mlp,occlusion,primary_fixed_rule_repeat,1.0,1.0,1.0,crossed_source_seed_equal_seed_observed_runs_conditional,jaccard_10,0.4703125,1276,1280,1280,600,602,5,602,reaggregated,central,fixed correct class shared by MLP and CNN,training_median,not_applicable,42;43;44;45;46,results/source_records/statistics/repeatability_metric_fixed.csv.gz,new conditional source/seed bootstrap,source/seed; observed probes only,5000.0
cicids2017_binary,mlp,shap,primary_stochastic_repeat,0.9796638308772992,0.9564195488457544,0.9946486169578188,crossed_source_seed_multinomial_equal_seed_bootstrap,spearman,1.0,80,80,80,80,80,5,80,available_verified,stochastic,fixed correct class shared by MLP and CNN,training_median,not_applicable,42;43;44;45;46,results/source_records/statistics/repeatability_metric_fixed.csv.gz,tables/leakage_free_tabular/epistemic_audit/repeatability_summary.csv,source/seed; observed probes only,
cicids2017_binary,mlp,shap,primary_stochastic_repeat,0.9588611388611389,0.9236312902783491,0.9875367965367964,crossed_source_seed_equal_seed_observed_runs_conditional,jaccard_10,0.7625,80,80,80,61,61,5,61,reaggregated,stochastic,fixed correct class shared by MLP and CNN,training_median,not_applicable,42;43;44;45;46,results/source_records/statistics/repeatability_metric_fixed.csv.gz,new conditional source/seed bootstrap,source/seed; observed probes only,5000.0
ton_iot_binary,cnn,integrated_gradients,primary_main_to_128,0.9994815646241236,0.999176093291418,0.9996861254412468,crossed_source_seed_multinomial_equal_seed_bootstrap,spearman,1.0,1269,1280,1280,1269,1280,5,1280,available_verified,central,fixed correct class shared by MLP and CNN,training_median,not_applicable,42;43;44;45;46,results/source_records/statistics/repeatability_metric_fixed.csv.gz,tables/leakage_free_tabular/epistemic_audit/repeatability_summary.csv,source/seed; observed probes only,
ton_iot_binary,cnn,integrated_gradients,primary_main_to_128,0.9829712717004379,0.97599866933548,0.9888836297283883,crossed_source_seed_equal_seed_observed_runs_conditional,jaccard_10,0.871875,1269,1280,1280,1108,1116,5,1116,reaggregated,central,fixed correct class shared by MLP and CNN,training_median,not_applicable,42;43;44;45;46,results/source_records/statistics/repeatability_metric_fixed.csv.gz,new conditional source/seed bootstrap,source/seed; observed probes only,5000.0
ton_iot_binary,cnn,lime,primary_mean_pairwise,0.7658915189340277,0.7387632522922776,0.7914547488516842,crossed_source_seed_multinomial_equal_seed_shared_run_jackknife_u_statistic_bootstrap,spearman,1.0,80,80,98000,80,80,5,98000,available_verified,stochastic,fixed correct class shared by MLP and CNN,resampled_training_background,not_applicable,42;43;44;45;46,results/source_records/statistics/repeatability_metric_fixed.csv.gz,tables/leakage_free_tabular/epistemic_audit/repeatability_summary.csv,source/seed + shared-run jackknife,
ton_iot_binary,cnn,lime,primary_mean_pairwise,0.6377125663452194,0.6007116748293998,0.6800860913662242,crossed_source_seed_multinomial_equal_seed_shared_run_jackknife_u_statistic_bootstrap,jaccard_10,1.0,80,80,98000,80,80,5,98000,available_verified,stochastic,fixed correct class shared by MLP and CNN,resampled_training_background,not_applicable,42;43;44;45;46,results/source_records/statistics/repeatability_metric_fixed.csv.gz,tables/leakage_free_tabular/epistemic_audit/repeatability_summary.csv,source/seed + shared-run jackknife,
ton_iot_binary,cnn,occlusion,primary_fixed_rule_repeat,1.0,1.0,1.0,crossed_source_seed_multinomial_equal_seed_bootstrap,spearman,1.0,1269,1280,1280,1269,1280,5,1280,available_verified,central,fixed correct class shared by MLP and CNN,training_median,not_applicable,42;43;44;45;46,results/source_records/statistics/repeatability_metric_fixed.csv.gz,tables/leakage_free_tabular/epistemic_audit/repeatability_summary.csv,source/seed; observed probes only,
ton_iot_binary,cnn,occlusion,primary_fixed_rule_repeat,1.0,1.0,1.0,crossed_source_seed_equal_seed_observed_runs_conditional,jaccard_10,0.77109375,1269,1280,1280,982,987,5,987,reaggregated,central,fixed correct class shared by MLP and CNN,training_median,not_applicable,42;43;44;45;46,results/source_records/statistics/repeatability_metric_fixed.csv.gz,new conditional source/seed bootstrap,source/seed; observed probes only,5000.0
ton_iot_binary,cnn,shap,primary_stochastic_repeat,0.9989689781021898,0.9944100468718672,0.9999809321929758,crossed_source_seed_multinomial_equal_seed_bootstrap,spearman,1.0,80,80,80,80,80,5,80,available_verified,stochastic,fixed correct class shared by MLP and CNN,training_median,not_applicable,42;43;44;45;46,results/source_records/statistics/repeatability_metric_fixed.csv.gz,tables/leakage_free_tabular/epistemic_audit/repeatability_summary.csv,source/seed; observed probes only,
ton_iot_binary,cnn,shap,primary_stochastic_repeat,0.9963636363636365,0.9801652892561984,1.0,crossed_source_seed_equal_seed_observed_runs_conditional,jaccard_10,0.5,80,80,80,40,40,5,40,reaggregated,stochastic,fixed correct class shared by MLP and CNN,training_median,not_applicable,42;43;44;45;46,results/source_records/statistics/repeatability_metric_fixed.csv.gz,new conditional source/seed bootstrap,source/seed; observed probes only,5000.0
ton_iot_binary,mlp,integrated_gradients,primary_main_to_128,0.9996413452857122,0.99954719562593,0.9997212446449596,crossed_source_seed_multinomial_equal_seed_bootstrap,spearman,1.0,1269,1280,1280,1269,1280,5,1280,available_verified,central,fixed correct class shared by MLP and CNN,training_median,not_applicable,42;43;44;45;46,results/source_records/statistics/repeatability_metric_fixed.csv.gz,tables/leakage_free_tabular/epistemic_audit/repeatability_summary.csv,source/seed; observed probes only,
ton_iot_binary,mlp,integrated_gradients,primary_main_to_128,0.9863682756499677,0.9819017124499306,0.9904568723395714,crossed_source_seed_equal_seed_observed_runs_conditional,jaccard_10,0.871875,1269,1280,1280,1108,1116,5,1116,reaggregated,central,fixed correct class shared by MLP and CNN,training_median,not_applicable,42;43;44;45;46,results/source_records/statistics/repeatability_metric_fixed.csv.gz,new conditional source/seed bootstrap,source/seed; observed probes only,5000.0
ton_iot_binary,mlp,lime,primary_mean_pairwise,0.7665662288930581,0.7490399543944481,0.7825966096606561,crossed_source_seed_multinomial_equal_seed_shared_run_jackknife_u_statistic_bootstrap,spearman,1.0,80,80,98000,80,80,5,98000,available_verified,stochastic,fixed correct class shared by MLP and CNN,resampled_training_background,not_applicable,42;43;44;45;46,results/source_records/statistics/repeatability_metric_fixed.csv.gz,tables/leakage_free_tabular/epistemic_audit/repeatability_summary.csv,source/seed + shared-run jackknife,
ton_iot_binary,mlp,lime,primary_mean_pairwise,0.6696747546671016,0.642559645815184,0.6990937229060751,crossed_source_seed_multinomial_equal_seed_shared_run_jackknife_u_statistic_bootstrap,jaccard_10,1.0,80,80,98000,80,80,5,98000,available_verified,stochastic,fixed correct class shared by MLP and CNN,resampled_training_background,not_applicable,42;43;44;45;46,results/source_records/statistics/repeatability_metric_fixed.csv.gz,tables/leakage_free_tabular/epistemic_audit/repeatability_summary.csv,source/seed + shared-run jackknife,
ton_iot_binary,mlp,occlusion,primary_fixed_rule_repeat,1.0,1.0,1.0,crossed_source_seed_multinomial_equal_seed_bootstrap,spearman,1.0,1269,1280,1280,1269,1280,5,1280,available_verified,central,fixed correct class shared by MLP and CNN,training_median,not_applicable,42;43;44;45;46,results/source_records/statistics/repeatability_metric_fixed.csv.gz,tables/leakage_free_tabular/epistemic_audit/repeatability_summary.csv,source/seed; observed probes only,
ton_iot_binary,mlp,occlusion,primary_fixed_rule_repeat,1.0,1.0,1.0,crossed_source_seed_equal_seed_observed_runs_conditional,jaccard_10,0.5859375,1269,1280,1280,746,750,5,750,reaggregated,central,fixed correct class shared by MLP and CNN,training_median,not_applicable,42;43;44;45;46,results/source_records/statistics/repeatability_metric_fixed.csv.gz,new conditional source/seed bootstrap,source/seed; observed probes only,5000.0
ton_iot_binary,mlp,shap,primary_stochastic_repeat,0.9978284671532844,0.992223939937422,0.9999721141825352,crossed_source_seed_multinomial_equal_seed_bootstrap,spearman,1.0,80,80,80,80,80,5,80,available_verified,stochastic,fixed correct class shared by MLP and CNN,training_median,not_applicable,42;43;44;45;46,results/source_records/statistics/repeatability_metric_fixed.csv.gz,tables/leakage_free_tabular/epistemic_audit/repeatability_summary.csv,source/seed; observed probes only,
ton_iot_binary,mlp,shap,primary_stochastic_repeat,0.9854545454545456,0.9454545454545455,1.0,crossed_source_seed_equal_seed_observed_runs_conditional,jaccard_10,0.45,80,80,80,36,36,5,36,reaggregated,stochastic,fixed correct class shared by MLP and CNN,training_median,not_applicable,42;43;44;45;46,results/source_records/statistics/repeatability_metric_fixed.csv.gz,new conditional source/seed bootstrap,source/seed; observed probes only,5000.0
