task_id,model,method,functional_check,operator,reference_operator,estimate,ci_low,ci_high,n_unique_sources,n_seed_flow_cells,n_seeds,bootstrap_design,n_resamples,metric,status,panel,target,coverage,seed,source,uncertainty_scope
cicids2017_binary,cnn,gradient_x_input,deletion,conditional_gaussian_mean,training_median,0.038928369507388864,0.0021963014776861293,0.07339217209883389,80,80,5,crossed_source_seed_equal_seed_observed_runs_conditional,5000,operator_minus_median_adjusted_aopc,reaggregated,common_stochastic,fixed correct class,1.0,42;43;44;45;46,results/leakage_free_tabular/audit_extensions/study2_dependency_perturbations/operators/cicids2017_binary/cnn/seed_42/gradient_x_input/operator_aopc_per_flow.csv;results/leakage_free_tabular/audit_extensions/study2_dependency_perturbations/operators/cicids2017_binary/cnn/seed_43/gradient_x_input/operator_aopc_per_flow.csv;results/leakage_free_tabular/audit_extensions/study2_dependency_perturbations/operators/cicids2017_binary/cnn/seed_44/gradient_x_input/operator_aopc_per_flow.csv;results/leakage_free_tabular/audit_extensions/study2_dependency_perturbations/operators/cicids2017_binary/cnn/seed_45/gradient_x_input/operator_aopc_per_flow.csv;results/leakage_free_tabular/audit_extensions/study2_dependency_perturbations/operators/cicids2017_binary/cnn/seed_46/gradient_x_input/operator_aopc_per_flow.csv,paired source/seed; observed draws only
cicids2017_binary,cnn,gradient_x_input,deletion,joint_donor,training_median,0.004987318560543584,-0.03502074995469339,0.04965710972053925,80,80,5,crossed_source_seed_equal_seed_observed_runs_conditional,5000,operator_minus_median_adjusted_aopc,reaggregated,common_stochastic,fixed correct class,1.0,42;43;44;45;46,results/leakage_free_tabular/audit_extensions/study2_dependency_perturbations/operators/cicids2017_binary/cnn/seed_42/gradient_x_input/operator_aopc_per_flow.csv;results/leakage_free_tabular/audit_extensions/study2_dependency_perturbations/operators/cicids2017_binary/cnn/seed_43/gradient_x_input/operator_aopc_per_flow.csv;results/leakage_free_tabular/audit_extensions/study2_dependency_perturbations/operators/cicids2017_binary/cnn/seed_44/gradient_x_input/operator_aopc_per_flow.csv;results/leakage_free_tabular/audit_extensions/study2_dependency_perturbations/operators/cicids2017_binary/cnn/seed_45/gradient_x_input/operator_aopc_per_flow.csv;results/leakage_free_tabular/audit_extensions/study2_dependency_perturbations/operators/cicids2017_binary/cnn/seed_46/gradient_x_input/operator_aopc_per_flow.csv,paired source/seed; observed draws only
cicids2017_binary,cnn,gradient_x_input,insertion,conditional_gaussian_mean,training_median,0.05395083024432753,0.0024405274862920857,0.12630942482691065,80,80,5,crossed_source_seed_equal_seed_observed_runs_conditional,5000,operator_minus_median_adjusted_aopc,reaggregated,common_stochastic,fixed correct class,1.0,42;43;44;45;46,results/leakage_free_tabular/audit_extensions/study2_dependency_perturbations/operators/cicids2017_binary/cnn/seed_42/gradient_x_input/operator_aopc_per_flow.csv;results/leakage_free_tabular/audit_extensions/study2_dependency_perturbations/operators/cicids2017_binary/cnn/seed_43/gradient_x_input/operator_aopc_per_flow.csv;results/leakage_free_tabular/audit_extensions/study2_dependency_perturbations/operators/cicids2017_binary/cnn/seed_44/gradient_x_input/operator_aopc_per_flow.csv;results/leakage_free_tabular/audit_extensions/study2_dependency_perturbations/operators/cicids2017_binary/cnn/seed_45/gradient_x_input/operator_aopc_per_flow.csv;results/leakage_free_tabular/audit_extensions/study2_dependency_perturbations/operators/cicids2017_binary/cnn/seed_46/gradient_x_input/operator_aopc_per_flow.csv,paired source/seed; observed draws only
cicids2017_binary,cnn,gradient_x_input,insertion,joint_donor,training_median,0.11885326861320296,0.053471264240130094,0.18791716785334261,80,80,5,crossed_source_seed_equal_seed_observed_runs_conditional,5000,operator_minus_median_adjusted_aopc,reaggregated,common_stochastic,fixed correct class,1.0,42;43;44;45;46,results/leakage_free_tabular/audit_extensions/study2_dependency_perturbations/operators/cicids2017_binary/cnn/seed_42/gradient_x_input/operator_aopc_per_flow.csv;results/leakage_free_tabular/audit_extensions/study2_dependency_perturbations/operators/cicids2017_binary/cnn/seed_43/gradient_x_input/operator_aopc_per_flow.csv;results/leakage_free_tabular/audit_extensions/study2_dependency_perturbations/operators/cicids2017_binary/cnn/seed_44/gradient_x_input/operator_aopc_per_flow.csv;results/leakage_free_tabular/audit_extensions/study2_dependency_perturbations/operators/cicids2017_binary/cnn/seed_45/gradient_x_input/operator_aopc_per_flow.csv;results/leakage_free_tabular/audit_extensions/study2_dependency_perturbations/operators/cicids2017_binary/cnn/seed_46/gradient_x_input/operator_aopc_per_flow.csv,paired source/seed; observed draws only
cicids2017_binary,cnn,integrated_gradients,deletion,conditional_gaussian_mean,training_median,-0.06966421827205493,-0.11163190754844249,-0.026343283141166064,80,80,5,crossed_source_seed_equal_seed_observed_runs_conditional,5000,operator_minus_median_adjusted_aopc,reaggregated,common_stochastic,fixed correct class,1.0,42;43;44;45;46,results/leakage_free_tabular/audit_extensions/study2_dependency_perturbations/operators/cicids2017_binary/cnn/seed_42/integrated_gradients/operator_aopc_per_flow.csv;results/leakage_free_tabular/audit_extensions/study2_dependency_perturbations/operators/cicids2017_binary/cnn/seed_43/integrated_gradients/operator_aopc_per_flow.csv;results/leakage_free_tabular/audit_extensions/study2_dependency_perturbations/operators/cicids2017_binary/cnn/seed_44/integrated_gradients/operator_aopc_per_flow.csv;results/leakage_free_tabular/audit_extensions/study2_dependency_perturbations/operators/cicids2017_binary/cnn/seed_45/integrated_gradients/operator_aopc_per_flow.csv;results/leakage_free_tabular/audit_extensions/study2_dependency_perturbations/operators/cicids2017_binary/cnn/seed_46/integrated_gradients/operator_aopc_per_flow.csv,paired source/seed; observed draws only
cicids2017_binary,cnn,integrated_gradients,deletion,joint_donor,training_median,0.08909319450675167,0.024759590021075792,0.15887848347147654,80,80,5,crossed_source_seed_equal_seed_observed_runs_conditional,5000,operator_minus_median_adjusted_aopc,reaggregated,common_stochastic,fixed correct class,1.0,42;43;44;45;46,results/leakage_free_tabular/audit_extensions/study2_dependency_perturbations/operators/cicids2017_binary/cnn/seed_42/integrated_gradients/operator_aopc_per_flow.csv;results/leakage_free_tabular/audit_extensions/study2_dependency_perturbations/operators/cicids2017_binary/cnn/seed_43/integrated_gradients/operator_aopc_per_flow.csv;results/leakage_free_tabular/audit_extensions/study2_dependency_perturbations/operators/cicids2017_binary/cnn/seed_44/integrated_gradients/operator_aopc_per_flow.csv;results/leakage_free_tabular/audit_extensions/study2_dependency_perturbations/operators/cicids2017_binary/cnn/seed_45/integrated_gradients/operator_aopc_per_flow.csv;results/leakage_free_tabular/audit_extensions/study2_dependency_perturbations/operators/cicids2017_binary/cnn/seed_46/integrated_gradients/operator_aopc_per_flow.csv,paired source/seed; observed draws only
cicids2017_binary,cnn,integrated_gradients,insertion,conditional_gaussian_mean,training_median,-0.01935401889545926,-0.07293460798889213,0.030339350054100357,80,80,5,crossed_source_seed_equal_seed_observed_runs_conditional,5000,operator_minus_median_adjusted_aopc,reaggregated,common_stochastic,fixed correct class,1.0,42;43;44;45;46,results/leakage_free_tabular/audit_extensions/study2_dependency_perturbations/operators/cicids2017_binary/cnn/seed_42/integrated_gradients/operator_aopc_per_flow.csv;results/leakage_free_tabular/audit_extensions/study2_dependency_perturbations/operators/cicids2017_binary/cnn/seed_43/integrated_gradients/operator_aopc_per_flow.csv;results/leakage_free_tabular/audit_extensions/study2_dependency_perturbations/operators/cicids2017_binary/cnn/seed_44/integrated_gradients/operator_aopc_per_flow.csv;results/leakage_free_tabular/audit_extensions/study2_dependency_perturbations/operators/cicids2017_binary/cnn/seed_45/integrated_gradients/operator_aopc_per_flow.csv;results/leakage_free_tabular/audit_extensions/study2_dependency_perturbations/operators/cicids2017_binary/cnn/seed_46/integrated_gradients/operator_aopc_per_flow.csv,paired source/seed; observed draws only
cicids2017_binary,cnn,integrated_gradients,insertion,joint_donor,training_median,0.09377855286312141,0.03690101797010061,0.14644335401450556,80,80,5,crossed_source_seed_equal_seed_observed_runs_conditional,5000,operator_minus_median_adjusted_aopc,reaggregated,common_stochastic,fixed correct class,1.0,42;43;44;45;46,results/leakage_free_tabular/audit_extensions/study2_dependency_perturbations/operators/cicids2017_binary/cnn/seed_42/integrated_gradients/operator_aopc_per_flow.csv;results/leakage_free_tabular/audit_extensions/study2_dependency_perturbations/operators/cicids2017_binary/cnn/seed_43/integrated_gradients/operator_aopc_per_flow.csv;results/leakage_free_tabular/audit_extensions/study2_dependency_perturbations/operators/cicids2017_binary/cnn/seed_44/integrated_gradients/operator_aopc_per_flow.csv;results/leakage_free_tabular/audit_extensions/study2_dependency_perturbations/operators/cicids2017_binary/cnn/seed_45/integrated_gradients/operator_aopc_per_flow.csv;results/leakage_free_tabular/audit_extensions/study2_dependency_perturbations/operators/cicids2017_binary/cnn/seed_46/integrated_gradients/operator_aopc_per_flow.csv,paired source/seed; observed draws only
cicids2017_binary,cnn,lime,deletion,conditional_gaussian_mean,training_median,0.09268459388120374,0.04684887598295502,0.14843536856557737,80,80,5,crossed_source_seed_equal_seed_observed_runs_conditional,5000,operator_minus_median_adjusted_aopc,reaggregated,common_stochastic,fixed correct class,1.0,42;43;44;45;46,results/leakage_free_tabular/audit_extensions/study2_dependency_perturbations/operators/cicids2017_binary/cnn/seed_42/lime/operator_aopc_per_flow.csv;results/leakage_free_tabular/audit_extensions/study2_dependency_perturbations/operators/cicids2017_binary/cnn/seed_43/lime/operator_aopc_per_flow.csv;results/leakage_free_tabular/audit_extensions/study2_dependency_perturbations/operators/cicids2017_binary/cnn/seed_44/lime/operator_aopc_per_flow.csv;results/leakage_free_tabular/audit_extensions/study2_dependency_perturbations/operators/cicids2017_binary/cnn/seed_45/lime/operator_aopc_per_flow.csv;results/leakage_free_tabular/audit_extensions/study2_dependency_perturbations/operators/cicids2017_binary/cnn/seed_46/lime/operator_aopc_per_flow.csv,paired source/seed; observed draws only
cicids2017_binary,cnn,lime,deletion,joint_donor,training_median,0.032621197345362174,-0.007232066092567872,0.07292883532968075,80,80,5,crossed_source_seed_equal_seed_observed_runs_conditional,5000,operator_minus_median_adjusted_aopc,reaggregated,common_stochastic,fixed correct class,1.0,42;43;44;45;46,results/leakage_free_tabular/audit_extensions/study2_dependency_perturbations/operators/cicids2017_binary/cnn/seed_42/lime/operator_aopc_per_flow.csv;results/leakage_free_tabular/audit_extensions/study2_dependency_perturbations/operators/cicids2017_binary/cnn/seed_43/lime/operator_aopc_per_flow.csv;results/leakage_free_tabular/audit_extensions/study2_dependency_perturbations/operators/cicids2017_binary/cnn/seed_44/lime/operator_aopc_per_flow.csv;results/leakage_free_tabular/audit_extensions/study2_dependency_perturbations/operators/cicids2017_binary/cnn/seed_45/lime/operator_aopc_per_flow.csv;results/leakage_free_tabular/audit_extensions/study2_dependency_perturbations/operators/cicids2017_binary/cnn/seed_46/lime/operator_aopc_per_flow.csv,paired source/seed; observed draws only
cicids2017_binary,cnn,lime,insertion,conditional_gaussian_mean,training_median,0.016519022709774754,-0.057454813880292686,0.08194447648404361,80,80,5,crossed_source_seed_equal_seed_observed_runs_conditional,5000,operator_minus_median_adjusted_aopc,reaggregated,common_stochastic,fixed correct class,1.0,42;43;44;45;46,results/leakage_free_tabular/audit_extensions/study2_dependency_perturbations/operators/cicids2017_binary/cnn/seed_42/lime/operator_aopc_per_flow.csv;results/leakage_free_tabular/audit_extensions/study2_dependency_perturbations/operators/cicids2017_binary/cnn/seed_43/lime/operator_aopc_per_flow.csv;results/leakage_free_tabular/audit_extensions/study2_dependency_perturbations/operators/cicids2017_binary/cnn/seed_44/lime/operator_aopc_per_flow.csv;results/leakage_free_tabular/audit_extensions/study2_dependency_perturbations/operators/cicids2017_binary/cnn/seed_45/lime/operator_aopc_per_flow.csv;results/leakage_free_tabular/audit_extensions/study2_dependency_perturbations/operators/cicids2017_binary/cnn/seed_46/lime/operator_aopc_per_flow.csv,paired source/seed; observed draws only
cicids2017_binary,cnn,lime,insertion,joint_donor,training_median,-0.0047541367143939415,-0.10675022313724349,0.09362982853844534,80,80,5,crossed_source_seed_equal_seed_observed_runs_conditional,5000,operator_minus_median_adjusted_aopc,reaggregated,common_stochastic,fixed correct class,1.0,42;43;44;45;46,results/leakage_free_tabular/audit_extensions/study2_dependency_perturbations/operators/cicids2017_binary/cnn/seed_42/lime/operator_aopc_per_flow.csv;results/leakage_free_tabular/audit_extensions/study2_dependency_perturbations/operators/cicids2017_binary/cnn/seed_43/lime/operator_aopc_per_flow.csv;results/leakage_free_tabular/audit_extensions/study2_dependency_perturbations/operators/cicids2017_binary/cnn/seed_44/lime/operator_aopc_per_flow.csv;results/leakage_free_tabular/audit_extensions/study2_dependency_perturbations/operators/cicids2017_binary/cnn/seed_45/lime/operator_aopc_per_flow.csv;results/leakage_free_tabular/audit_extensions/study2_dependency_perturbations/operators/cicids2017_binary/cnn/seed_46/lime/operator_aopc_per_flow.csv,paired source/seed; observed draws only
cicids2017_binary,cnn,occlusion,deletion,conditional_gaussian_mean,training_median,-0.05988011914018624,-0.12597202888786885,-0.005349654666134989,80,80,5,crossed_source_seed_equal_seed_observed_runs_conditional,5000,operator_minus_median_adjusted_aopc,reaggregated,common_stochastic,fixed correct class,1.0,42;43;44;45;46,results/leakage_free_tabular/audit_extensions/study2_dependency_perturbations/operators/cicids2017_binary/cnn/seed_42/occlusion/operator_aopc_per_flow.csv;results/leakage_free_tabular/audit_extensions/study2_dependency_perturbations/operators/cicids2017_binary/cnn/seed_43/occlusion/operator_aopc_per_flow.csv;results/leakage_free_tabular/audit_extensions/study2_dependency_perturbations/operators/cicids2017_binary/cnn/seed_44/occlusion/operator_aopc_per_flow.csv;results/leakage_free_tabular/audit_extensions/study2_dependency_perturbations/operators/cicids2017_binary/cnn/seed_45/occlusion/operator_aopc_per_flow.csv;results/leakage_free_tabular/audit_extensions/study2_dependency_perturbations/operators/cicids2017_binary/cnn/seed_46/occlusion/operator_aopc_per_flow.csv,paired source/seed; observed draws only
cicids2017_binary,cnn,occlusion,deletion,joint_donor,training_median,0.06391818865523155,-0.015598426346030534,0.13695871347430916,80,80,5,crossed_source_seed_equal_seed_observed_runs_conditional,5000,operator_minus_median_adjusted_aopc,reaggregated,common_stochastic,fixed correct class,1.0,42;43;44;45;46,results/leakage_free_tabular/audit_extensions/study2_dependency_perturbations/operators/cicids2017_binary/cnn/seed_42/occlusion/operator_aopc_per_flow.csv;results/leakage_free_tabular/audit_extensions/study2_dependency_perturbations/operators/cicids2017_binary/cnn/seed_43/occlusion/operator_aopc_per_flow.csv;results/leakage_free_tabular/audit_extensions/study2_dependency_perturbations/operators/cicids2017_binary/cnn/seed_44/occlusion/operator_aopc_per_flow.csv;results/leakage_free_tabular/audit_extensions/study2_dependency_perturbations/operators/cicids2017_binary/cnn/seed_45/occlusion/operator_aopc_per_flow.csv;results/leakage_free_tabular/audit_extensions/study2_dependency_perturbations/operators/cicids2017_binary/cnn/seed_46/occlusion/operator_aopc_per_flow.csv,paired source/seed; observed draws only
cicids2017_binary,cnn,occlusion,insertion,conditional_gaussian_mean,training_median,-0.008371562714957089,-0.07846704524591284,0.04495485485323219,80,80,5,crossed_source_seed_equal_seed_observed_runs_conditional,5000,operator_minus_median_adjusted_aopc,reaggregated,common_stochastic,fixed correct class,1.0,42;43;44;45;46,results/leakage_free_tabular/audit_extensions/study2_dependency_perturbations/operators/cicids2017_binary/cnn/seed_42/occlusion/operator_aopc_per_flow.csv;results/leakage_free_tabular/audit_extensions/study2_dependency_perturbations/operators/cicids2017_binary/cnn/seed_43/occlusion/operator_aopc_per_flow.csv;results/leakage_free_tabular/audit_extensions/study2_dependency_perturbations/operators/cicids2017_binary/cnn/seed_44/occlusion/operator_aopc_per_flow.csv;results/leakage_free_tabular/audit_extensions/study2_dependency_perturbations/operators/cicids2017_binary/cnn/seed_45/occlusion/operator_aopc_per_flow.csv;results/leakage_free_tabular/audit_extensions/study2_dependency_perturbations/operators/cicids2017_binary/cnn/seed_46/occlusion/operator_aopc_per_flow.csv,paired source/seed; observed draws only
cicids2017_binary,cnn,occlusion,insertion,joint_donor,training_median,0.1306200254856522,0.05423366812435165,0.19759990028462607,80,80,5,crossed_source_seed_equal_seed_observed_runs_conditional,5000,operator_minus_median_adjusted_aopc,reaggregated,common_stochastic,fixed correct class,1.0,42;43;44;45;46,results/leakage_free_tabular/audit_extensions/study2_dependency_perturbations/operators/cicids2017_binary/cnn/seed_42/occlusion/operator_aopc_per_flow.csv;results/leakage_free_tabular/audit_extensions/study2_dependency_perturbations/operators/cicids2017_binary/cnn/seed_43/occlusion/operator_aopc_per_flow.csv;results/leakage_free_tabular/audit_extensions/study2_dependency_perturbations/operators/cicids2017_binary/cnn/seed_44/occlusion/operator_aopc_per_flow.csv;results/leakage_free_tabular/audit_extensions/study2_dependency_perturbations/operators/cicids2017_binary/cnn/seed_45/occlusion/operator_aopc_per_flow.csv;results/leakage_free_tabular/audit_extensions/study2_dependency_perturbations/operators/cicids2017_binary/cnn/seed_46/occlusion/operator_aopc_per_flow.csv,paired source/seed; observed draws only
cicids2017_binary,cnn,shap,deletion,conditional_gaussian_mean,training_median,-0.12680785576454437,-0.1894815011896578,-0.06617543440405106,80,80,5,crossed_source_seed_equal_seed_observed_runs_conditional,5000,operator_minus_median_adjusted_aopc,reaggregated,common_stochastic,fixed correct class,1.0,42;43;44;45;46,results/leakage_free_tabular/audit_extensions/study2_dependency_perturbations/operators/cicids2017_binary/cnn/seed_42/shap/operator_aopc_per_flow.csv;results/leakage_free_tabular/audit_extensions/study2_dependency_perturbations/operators/cicids2017_binary/cnn/seed_43/shap/operator_aopc_per_flow.csv;results/leakage_free_tabular/audit_extensions/study2_dependency_perturbations/operators/cicids2017_binary/cnn/seed_44/shap/operator_aopc_per_flow.csv;results/leakage_free_tabular/audit_extensions/study2_dependency_perturbations/operators/cicids2017_binary/cnn/seed_45/shap/operator_aopc_per_flow.csv;results/leakage_free_tabular/audit_extensions/study2_dependency_perturbations/operators/cicids2017_binary/cnn/seed_46/shap/operator_aopc_per_flow.csv,paired source/seed; observed draws only
cicids2017_binary,cnn,shap,deletion,joint_donor,training_median,0.0202603994159002,-0.03525651351704593,0.08993304086542427,80,80,5,crossed_source_seed_equal_seed_observed_runs_conditional,5000,operator_minus_median_adjusted_aopc,reaggregated,common_stochastic,fixed correct class,1.0,42;43;44;45;46,results/leakage_free_tabular/audit_extensions/study2_dependency_perturbations/operators/cicids2017_binary/cnn/seed_42/shap/operator_aopc_per_flow.csv;results/leakage_free_tabular/audit_extensions/study2_dependency_perturbations/operators/cicids2017_binary/cnn/seed_43/shap/operator_aopc_per_flow.csv;results/leakage_free_tabular/audit_extensions/study2_dependency_perturbations/operators/cicids2017_binary/cnn/seed_44/shap/operator_aopc_per_flow.csv;results/leakage_free_tabular/audit_extensions/study2_dependency_perturbations/operators/cicids2017_binary/cnn/seed_45/shap/operator_aopc_per_flow.csv;results/leakage_free_tabular/audit_extensions/study2_dependency_perturbations/operators/cicids2017_binary/cnn/seed_46/shap/operator_aopc_per_flow.csv,paired source/seed; observed draws only
cicids2017_binary,cnn,shap,insertion,conditional_gaussian_mean,training_median,-0.24363929626319325,-0.3283539091173169,-0.16527174075929885,80,80,5,crossed_source_seed_equal_seed_observed_runs_conditional,5000,operator_minus_median_adjusted_aopc,reaggregated,common_stochastic,fixed correct class,1.0,42;43;44;45;46,results/leakage_free_tabular/audit_extensions/study2_dependency_perturbations/operators/cicids2017_binary/cnn/seed_42/shap/operator_aopc_per_flow.csv;results/leakage_free_tabular/audit_extensions/study2_dependency_perturbations/operators/cicids2017_binary/cnn/seed_43/shap/operator_aopc_per_flow.csv;results/leakage_free_tabular/audit_extensions/study2_dependency_perturbations/operators/cicids2017_binary/cnn/seed_44/shap/operator_aopc_per_flow.csv;results/leakage_free_tabular/audit_extensions/study2_dependency_perturbations/operators/cicids2017_binary/cnn/seed_45/shap/operator_aopc_per_flow.csv;results/leakage_free_tabular/audit_extensions/study2_dependency_perturbations/operators/cicids2017_binary/cnn/seed_46/shap/operator_aopc_per_flow.csv,paired source/seed; observed draws only
cicids2017_binary,cnn,shap,insertion,joint_donor,training_median,-0.06150542250846121,-0.13605122201732284,0.009757360243704877,80,80,5,crossed_source_seed_equal_seed_observed_runs_conditional,5000,operator_minus_median_adjusted_aopc,reaggregated,common_stochastic,fixed correct class,1.0,42;43;44;45;46,results/leakage_free_tabular/audit_extensions/study2_dependency_perturbations/operators/cicids2017_binary/cnn/seed_42/shap/operator_aopc_per_flow.csv;results/leakage_free_tabular/audit_extensions/study2_dependency_perturbations/operators/cicids2017_binary/cnn/seed_43/shap/operator_aopc_per_flow.csv;results/leakage_free_tabular/audit_extensions/study2_dependency_perturbations/operators/cicids2017_binary/cnn/seed_44/shap/operator_aopc_per_flow.csv;results/leakage_free_tabular/audit_extensions/study2_dependency_perturbations/operators/cicids2017_binary/cnn/seed_45/shap/operator_aopc_per_flow.csv;results/leakage_free_tabular/audit_extensions/study2_dependency_perturbations/operators/cicids2017_binary/cnn/seed_46/shap/operator_aopc_per_flow.csv,paired source/seed; observed draws only
cicids2017_binary,mlp,gradient_x_input,deletion,conditional_gaussian_mean,training_median,0.008232145171572131,-0.03418374052179296,0.04327358882095872,80,80,5,crossed_source_seed_equal_seed_observed_runs_conditional,5000,operator_minus_median_adjusted_aopc,reaggregated,common_stochastic,fixed correct class,1.0,42;43;44;45;46,results/leakage_free_tabular/audit_extensions/study2_dependency_perturbations/operators/cicids2017_binary/mlp/seed_42/gradient_x_input/operator_aopc_per_flow.csv;results/leakage_free_tabular/audit_extensions/study2_dependency_perturbations/operators/cicids2017_binary/mlp/seed_43/gradient_x_input/operator_aopc_per_flow.csv;results/leakage_free_tabular/audit_extensions/study2_dependency_perturbations/operators/cicids2017_binary/mlp/seed_44/gradient_x_input/operator_aopc_per_flow.csv;results/leakage_free_tabular/audit_extensions/study2_dependency_perturbations/operators/cicids2017_binary/mlp/seed_45/gradient_x_input/operator_aopc_per_flow.csv;results/leakage_free_tabular/audit_extensions/study2_dependency_perturbations/operators/cicids2017_binary/mlp/seed_46/gradient_x_input/operator_aopc_per_flow.csv,paired source/seed; observed draws only
cicids2017_binary,mlp,gradient_x_input,deletion,joint_donor,training_median,0.10900169445252599,0.038868735641120825,0.1783251747166637,80,80,5,crossed_source_seed_equal_seed_observed_runs_conditional,5000,operator_minus_median_adjusted_aopc,reaggregated,common_stochastic,fixed correct class,1.0,42;43;44;45;46,results/leakage_free_tabular/audit_extensions/study2_dependency_perturbations/operators/cicids2017_binary/mlp/seed_42/gradient_x_input/operator_aopc_per_flow.csv;results/leakage_free_tabular/audit_extensions/study2_dependency_perturbations/operators/cicids2017_binary/mlp/seed_43/gradient_x_input/operator_aopc_per_flow.csv;results/leakage_free_tabular/audit_extensions/study2_dependency_perturbations/operators/cicids2017_binary/mlp/seed_44/gradient_x_input/operator_aopc_per_flow.csv;results/leakage_free_tabular/audit_extensions/study2_dependency_perturbations/operators/cicids2017_binary/mlp/seed_45/gradient_x_input/operator_aopc_per_flow.csv;results/leakage_free_tabular/audit_extensions/study2_dependency_perturbations/operators/cicids2017_binary/mlp/seed_46/gradient_x_input/operator_aopc_per_flow.csv,paired source/seed; observed draws only
cicids2017_binary,mlp,gradient_x_input,insertion,conditional_gaussian_mean,training_median,0.044757639070296576,-0.03355068806328977,0.11435361189902375,80,80,5,crossed_source_seed_equal_seed_observed_runs_conditional,5000,operator_minus_median_adjusted_aopc,reaggregated,common_stochastic,fixed correct class,1.0,42;43;44;45;46,results/leakage_free_tabular/audit_extensions/study2_dependency_perturbations/operators/cicids2017_binary/mlp/seed_42/gradient_x_input/operator_aopc_per_flow.csv;results/leakage_free_tabular/audit_extensions/study2_dependency_perturbations/operators/cicids2017_binary/mlp/seed_43/gradient_x_input/operator_aopc_per_flow.csv;results/leakage_free_tabular/audit_extensions/study2_dependency_perturbations/operators/cicids2017_binary/mlp/seed_44/gradient_x_input/operator_aopc_per_flow.csv;results/leakage_free_tabular/audit_extensions/study2_dependency_perturbations/operators/cicids2017_binary/mlp/seed_45/gradient_x_input/operator_aopc_per_flow.csv;results/leakage_free_tabular/audit_extensions/study2_dependency_perturbations/operators/cicids2017_binary/mlp/seed_46/gradient_x_input/operator_aopc_per_flow.csv,paired source/seed; observed draws only
cicids2017_binary,mlp,gradient_x_input,insertion,joint_donor,training_median,0.08943732816114354,-0.004078487295444043,0.17536544005499458,80,80,5,crossed_source_seed_equal_seed_observed_runs_conditional,5000,operator_minus_median_adjusted_aopc,reaggregated,common_stochastic,fixed correct class,1.0,42;43;44;45;46,results/leakage_free_tabular/audit_extensions/study2_dependency_perturbations/operators/cicids2017_binary/mlp/seed_42/gradient_x_input/operator_aopc_per_flow.csv;results/leakage_free_tabular/audit_extensions/study2_dependency_perturbations/operators/cicids2017_binary/mlp/seed_43/gradient_x_input/operator_aopc_per_flow.csv;results/leakage_free_tabular/audit_extensions/study2_dependency_perturbations/operators/cicids2017_binary/mlp/seed_44/gradient_x_input/operator_aopc_per_flow.csv;results/leakage_free_tabular/audit_extensions/study2_dependency_perturbations/operators/cicids2017_binary/mlp/seed_45/gradient_x_input/operator_aopc_per_flow.csv;results/leakage_free_tabular/audit_extensions/study2_dependency_perturbations/operators/cicids2017_binary/mlp/seed_46/gradient_x_input/operator_aopc_per_flow.csv,paired source/seed; observed draws only
cicids2017_binary,mlp,integrated_gradients,deletion,conditional_gaussian_mean,training_median,-0.12738164594483642,-0.18019366471422796,-0.07571243709481787,80,80,5,crossed_source_seed_equal_seed_observed_runs_conditional,5000,operator_minus_median_adjusted_aopc,reaggregated,common_stochastic,fixed correct class,1.0,42;43;44;45;46,results/leakage_free_tabular/audit_extensions/study2_dependency_perturbations/operators/cicids2017_binary/mlp/seed_42/integrated_gradients/operator_aopc_per_flow.csv;results/leakage_free_tabular/audit_extensions/study2_dependency_perturbations/operators/cicids2017_binary/mlp/seed_43/integrated_gradients/operator_aopc_per_flow.csv;results/leakage_free_tabular/audit_extensions/study2_dependency_perturbations/operators/cicids2017_binary/mlp/seed_44/integrated_gradients/operator_aopc_per_flow.csv;results/leakage_free_tabular/audit_extensions/study2_dependency_perturbations/operators/cicids2017_binary/mlp/seed_45/integrated_gradients/operator_aopc_per_flow.csv;results/leakage_free_tabular/audit_extensions/study2_dependency_perturbations/operators/cicids2017_binary/mlp/seed_46/integrated_gradients/operator_aopc_per_flow.csv,paired source/seed; observed draws only
cicids2017_binary,mlp,integrated_gradients,deletion,joint_donor,training_median,0.06047208611917994,-0.0005682673614820899,0.12080401681268073,80,80,5,crossed_source_seed_equal_seed_observed_runs_conditional,5000,operator_minus_median_adjusted_aopc,reaggregated,common_stochastic,fixed correct class,1.0,42;43;44;45;46,results/leakage_free_tabular/audit_extensions/study2_dependency_perturbations/operators/cicids2017_binary/mlp/seed_42/integrated_gradients/operator_aopc_per_flow.csv;results/leakage_free_tabular/audit_extensions/study2_dependency_perturbations/operators/cicids2017_binary/mlp/seed_43/integrated_gradients/operator_aopc_per_flow.csv;results/leakage_free_tabular/audit_extensions/study2_dependency_perturbations/operators/cicids2017_binary/mlp/seed_44/integrated_gradients/operator_aopc_per_flow.csv;results/leakage_free_tabular/audit_extensions/study2_dependency_perturbations/operators/cicids2017_binary/mlp/seed_45/integrated_gradients/operator_aopc_per_flow.csv;results/leakage_free_tabular/audit_extensions/study2_dependency_perturbations/operators/cicids2017_binary/mlp/seed_46/integrated_gradients/operator_aopc_per_flow.csv,paired source/seed; observed draws only
cicids2017_binary,mlp,integrated_gradients,insertion,conditional_gaussian_mean,training_median,-0.04635316690836656,-0.07650439714359594,-0.018224989947486316,80,80,5,crossed_source_seed_equal_seed_observed_runs_conditional,5000,operator_minus_median_adjusted_aopc,reaggregated,common_stochastic,fixed correct class,1.0,42;43;44;45;46,results/leakage_free_tabular/audit_extensions/study2_dependency_perturbations/operators/cicids2017_binary/mlp/seed_42/integrated_gradients/operator_aopc_per_flow.csv;results/leakage_free_tabular/audit_extensions/study2_dependency_perturbations/operators/cicids2017_binary/mlp/seed_43/integrated_gradients/operator_aopc_per_flow.csv;results/leakage_free_tabular/audit_extensions/study2_dependency_perturbations/operators/cicids2017_binary/mlp/seed_44/integrated_gradients/operator_aopc_per_flow.csv;results/leakage_free_tabular/audit_extensions/study2_dependency_perturbations/operators/cicids2017_binary/mlp/seed_45/integrated_gradients/operator_aopc_per_flow.csv;results/leakage_free_tabular/audit_extensions/study2_dependency_perturbations/operators/cicids2017_binary/mlp/seed_46/integrated_gradients/operator_aopc_per_flow.csv,paired source/seed; observed draws only
cicids2017_binary,mlp,integrated_gradients,insertion,joint_donor,training_median,0.05728695034137975,-0.0015517676729370337,0.10459505985498478,80,80,5,crossed_source_seed_equal_seed_observed_runs_conditional,5000,operator_minus_median_adjusted_aopc,reaggregated,common_stochastic,fixed correct class,1.0,42;43;44;45;46,results/leakage_free_tabular/audit_extensions/study2_dependency_perturbations/operators/cicids2017_binary/mlp/seed_42/integrated_gradients/operator_aopc_per_flow.csv;results/leakage_free_tabular/audit_extensions/study2_dependency_perturbations/operators/cicids2017_binary/mlp/seed_43/integrated_gradients/operator_aopc_per_flow.csv;results/leakage_free_tabular/audit_extensions/study2_dependency_perturbations/operators/cicids2017_binary/mlp/seed_44/integrated_gradients/operator_aopc_per_flow.csv;results/leakage_free_tabular/audit_extensions/study2_dependency_perturbations/operators/cicids2017_binary/mlp/seed_45/integrated_gradients/operator_aopc_per_flow.csv;results/leakage_free_tabular/audit_extensions/study2_dependency_perturbations/operators/cicids2017_binary/mlp/seed_46/integrated_gradients/operator_aopc_per_flow.csv,paired source/seed; observed draws only
cicids2017_binary,mlp,lime,deletion,conditional_gaussian_mean,training_median,-0.10124287977647732,-0.1745192578358386,-0.04360002524306571,80,80,5,crossed_source_seed_equal_seed_observed_runs_conditional,5000,operator_minus_median_adjusted_aopc,reaggregated,common_stochastic,fixed correct class,1.0,42;43;44;45;46,results/leakage_free_tabular/audit_extensions/study2_dependency_perturbations/operators/cicids2017_binary/mlp/seed_42/lime/operator_aopc_per_flow.csv;results/leakage_free_tabular/audit_extensions/study2_dependency_perturbations/operators/cicids2017_binary/mlp/seed_43/lime/operator_aopc_per_flow.csv;results/leakage_free_tabular/audit_extensions/study2_dependency_perturbations/operators/cicids2017_binary/mlp/seed_44/lime/operator_aopc_per_flow.csv;results/leakage_free_tabular/audit_extensions/study2_dependency_perturbations/operators/cicids2017_binary/mlp/seed_45/lime/operator_aopc_per_flow.csv;results/leakage_free_tabular/audit_extensions/study2_dependency_perturbations/operators/cicids2017_binary/mlp/seed_46/lime/operator_aopc_per_flow.csv,paired source/seed; observed draws only
cicids2017_binary,mlp,lime,deletion,joint_donor,training_median,0.06247769567925319,-0.02590594814252232,0.14430625862097776,80,80,5,crossed_source_seed_equal_seed_observed_runs_conditional,5000,operator_minus_median_adjusted_aopc,reaggregated,common_stochastic,fixed correct class,1.0,42;43;44;45;46,results/leakage_free_tabular/audit_extensions/study2_dependency_perturbations/operators/cicids2017_binary/mlp/seed_42/lime/operator_aopc_per_flow.csv;results/leakage_free_tabular/audit_extensions/study2_dependency_perturbations/operators/cicids2017_binary/mlp/seed_43/lime/operator_aopc_per_flow.csv;results/leakage_free_tabular/audit_extensions/study2_dependency_perturbations/operators/cicids2017_binary/mlp/seed_44/lime/operator_aopc_per_flow.csv;results/leakage_free_tabular/audit_extensions/study2_dependency_perturbations/operators/cicids2017_binary/mlp/seed_45/lime/operator_aopc_per_flow.csv;results/leakage_free_tabular/audit_extensions/study2_dependency_perturbations/operators/cicids2017_binary/mlp/seed_46/lime/operator_aopc_per_flow.csv,paired source/seed; observed draws only
cicids2017_binary,mlp,lime,insertion,conditional_gaussian_mean,training_median,-0.2020765386886077,-0.2917246343425757,-0.1131644202695127,80,80,5,crossed_source_seed_equal_seed_observed_runs_conditional,5000,operator_minus_median_adjusted_aopc,reaggregated,common_stochastic,fixed correct class,1.0,42;43;44;45;46,results/leakage_free_tabular/audit_extensions/study2_dependency_perturbations/operators/cicids2017_binary/mlp/seed_42/lime/operator_aopc_per_flow.csv;results/leakage_free_tabular/audit_extensions/study2_dependency_perturbations/operators/cicids2017_binary/mlp/seed_43/lime/operator_aopc_per_flow.csv;results/leakage_free_tabular/audit_extensions/study2_dependency_perturbations/operators/cicids2017_binary/mlp/seed_44/lime/operator_aopc_per_flow.csv;results/leakage_free_tabular/audit_extensions/study2_dependency_perturbations/operators/cicids2017_binary/mlp/seed_45/lime/operator_aopc_per_flow.csv;results/leakage_free_tabular/audit_extensions/study2_dependency_perturbations/operators/cicids2017_binary/mlp/seed_46/lime/operator_aopc_per_flow.csv,paired source/seed; observed draws only
cicids2017_binary,mlp,lime,insertion,joint_donor,training_median,-0.061390570683126755,-0.13974080436654604,0.018719749851312327,80,80,5,crossed_source_seed_equal_seed_observed_runs_conditional,5000,operator_minus_median_adjusted_aopc,reaggregated,common_stochastic,fixed correct class,1.0,42;43;44;45;46,results/leakage_free_tabular/audit_extensions/study2_dependency_perturbations/operators/cicids2017_binary/mlp/seed_42/lime/operator_aopc_per_flow.csv;results/leakage_free_tabular/audit_extensions/study2_dependency_perturbations/operators/cicids2017_binary/mlp/seed_43/lime/operator_aopc_per_flow.csv;results/leakage_free_tabular/audit_extensions/study2_dependency_perturbations/operators/cicids2017_binary/mlp/seed_44/lime/operator_aopc_per_flow.csv;results/leakage_free_tabular/audit_extensions/study2_dependency_perturbations/operators/cicids2017_binary/mlp/seed_45/lime/operator_aopc_per_flow.csv;results/leakage_free_tabular/audit_extensions/study2_dependency_perturbations/operators/cicids2017_binary/mlp/seed_46/lime/operator_aopc_per_flow.csv,paired source/seed; observed draws only
cicids2017_binary,mlp,occlusion,deletion,conditional_gaussian_mean,training_median,-0.06510833226238913,-0.1301849151827532,-0.013936748188408251,80,80,5,crossed_source_seed_equal_seed_observed_runs_conditional,5000,operator_minus_median_adjusted_aopc,reaggregated,common_stochastic,fixed correct class,1.0,42;43;44;45;46,results/leakage_free_tabular/audit_extensions/study2_dependency_perturbations/operators/cicids2017_binary/mlp/seed_42/occlusion/operator_aopc_per_flow.csv;results/leakage_free_tabular/audit_extensions/study2_dependency_perturbations/operators/cicids2017_binary/mlp/seed_43/occlusion/operator_aopc_per_flow.csv;results/leakage_free_tabular/audit_extensions/study2_dependency_perturbations/operators/cicids2017_binary/mlp/seed_44/occlusion/operator_aopc_per_flow.csv;results/leakage_free_tabular/audit_extensions/study2_dependency_perturbations/operators/cicids2017_binary/mlp/seed_45/occlusion/operator_aopc_per_flow.csv;results/leakage_free_tabular/audit_extensions/study2_dependency_perturbations/operators/cicids2017_binary/mlp/seed_46/occlusion/operator_aopc_per_flow.csv,paired source/seed; observed draws only
cicids2017_binary,mlp,occlusion,deletion,joint_donor,training_median,0.05711357402976206,0.0003673618337485777,0.11978081097835297,80,80,5,crossed_source_seed_equal_seed_observed_runs_conditional,5000,operator_minus_median_adjusted_aopc,reaggregated,common_stochastic,fixed correct class,1.0,42;43;44;45;46,results/leakage_free_tabular/audit_extensions/study2_dependency_perturbations/operators/cicids2017_binary/mlp/seed_42/occlusion/operator_aopc_per_flow.csv;results/leakage_free_tabular/audit_extensions/study2_dependency_perturbations/operators/cicids2017_binary/mlp/seed_43/occlusion/operator_aopc_per_flow.csv;results/leakage_free_tabular/audit_extensions/study2_dependency_perturbations/operators/cicids2017_binary/mlp/seed_44/occlusion/operator_aopc_per_flow.csv;results/leakage_free_tabular/audit_extensions/study2_dependency_perturbations/operators/cicids2017_binary/mlp/seed_45/occlusion/operator_aopc_per_flow.csv;results/leakage_free_tabular/audit_extensions/study2_dependency_perturbations/operators/cicids2017_binary/mlp/seed_46/occlusion/operator_aopc_per_flow.csv,paired source/seed; observed draws only
cicids2017_binary,mlp,occlusion,insertion,conditional_gaussian_mean,training_median,-0.02954799342402718,-0.11411002683057926,0.04777976224267531,80,80,5,crossed_source_seed_equal_seed_observed_runs_conditional,5000,operator_minus_median_adjusted_aopc,reaggregated,common_stochastic,fixed correct class,1.0,42;43;44;45;46,results/leakage_free_tabular/audit_extensions/study2_dependency_perturbations/operators/cicids2017_binary/mlp/seed_42/occlusion/operator_aopc_per_flow.csv;results/leakage_free_tabular/audit_extensions/study2_dependency_perturbations/operators/cicids2017_binary/mlp/seed_43/occlusion/operator_aopc_per_flow.csv;results/leakage_free_tabular/audit_extensions/study2_dependency_perturbations/operators/cicids2017_binary/mlp/seed_44/occlusion/operator_aopc_per_flow.csv;results/leakage_free_tabular/audit_extensions/study2_dependency_perturbations/operators/cicids2017_binary/mlp/seed_45/occlusion/operator_aopc_per_flow.csv;results/leakage_free_tabular/audit_extensions/study2_dependency_perturbations/operators/cicids2017_binary/mlp/seed_46/occlusion/operator_aopc_per_flow.csv,paired source/seed; observed draws only
cicids2017_binary,mlp,occlusion,insertion,joint_donor,training_median,0.04331187584770725,-0.02593707541004076,0.10784857456750817,80,80,5,crossed_source_seed_equal_seed_observed_runs_conditional,5000,operator_minus_median_adjusted_aopc,reaggregated,common_stochastic,fixed correct class,1.0,42;43;44;45;46,results/leakage_free_tabular/audit_extensions/study2_dependency_perturbations/operators/cicids2017_binary/mlp/seed_42/occlusion/operator_aopc_per_flow.csv;results/leakage_free_tabular/audit_extensions/study2_dependency_perturbations/operators/cicids2017_binary/mlp/seed_43/occlusion/operator_aopc_per_flow.csv;results/leakage_free_tabular/audit_extensions/study2_dependency_perturbations/operators/cicids2017_binary/mlp/seed_44/occlusion/operator_aopc_per_flow.csv;results/leakage_free_tabular/audit_extensions/study2_dependency_perturbations/operators/cicids2017_binary/mlp/seed_45/occlusion/operator_aopc_per_flow.csv;results/leakage_free_tabular/audit_extensions/study2_dependency_perturbations/operators/cicids2017_binary/mlp/seed_46/occlusion/operator_aopc_per_flow.csv,paired source/seed; observed draws only
cicids2017_binary,mlp,shap,deletion,conditional_gaussian_mean,training_median,-0.2804046948337845,-0.36504991260712394,-0.19707090746075037,80,80,5,crossed_source_seed_equal_seed_observed_runs_conditional,5000,operator_minus_median_adjusted_aopc,reaggregated,common_stochastic,fixed correct class,1.0,42;43;44;45;46,results/leakage_free_tabular/audit_extensions/study2_dependency_perturbations/operators/cicids2017_binary/mlp/seed_42/shap/operator_aopc_per_flow.csv;results/leakage_free_tabular/audit_extensions/study2_dependency_perturbations/operators/cicids2017_binary/mlp/seed_43/shap/operator_aopc_per_flow.csv;results/leakage_free_tabular/audit_extensions/study2_dependency_perturbations/operators/cicids2017_binary/mlp/seed_44/shap/operator_aopc_per_flow.csv;results/leakage_free_tabular/audit_extensions/study2_dependency_perturbations/operators/cicids2017_binary/mlp/seed_45/shap/operator_aopc_per_flow.csv;results/leakage_free_tabular/audit_extensions/study2_dependency_perturbations/operators/cicids2017_binary/mlp/seed_46/shap/operator_aopc_per_flow.csv,paired source/seed; observed draws only
cicids2017_binary,mlp,shap,deletion,joint_donor,training_median,-0.012962563140811581,-0.08345906257938283,0.06289637636185333,80,80,5,crossed_source_seed_equal_seed_observed_runs_conditional,5000,operator_minus_median_adjusted_aopc,reaggregated,common_stochastic,fixed correct class,1.0,42;43;44;45;46,results/leakage_free_tabular/audit_extensions/study2_dependency_perturbations/operators/cicids2017_binary/mlp/seed_42/shap/operator_aopc_per_flow.csv;results/leakage_free_tabular/audit_extensions/study2_dependency_perturbations/operators/cicids2017_binary/mlp/seed_43/shap/operator_aopc_per_flow.csv;results/leakage_free_tabular/audit_extensions/study2_dependency_perturbations/operators/cicids2017_binary/mlp/seed_44/shap/operator_aopc_per_flow.csv;results/leakage_free_tabular/audit_extensions/study2_dependency_perturbations/operators/cicids2017_binary/mlp/seed_45/shap/operator_aopc_per_flow.csv;results/leakage_free_tabular/audit_extensions/study2_dependency_perturbations/operators/cicids2017_binary/mlp/seed_46/shap/operator_aopc_per_flow.csv,paired source/seed; observed draws only
cicids2017_binary,mlp,shap,insertion,conditional_gaussian_mean,training_median,-0.08139552033525513,-0.11984455374540133,-0.04344956076479946,80,80,5,crossed_source_seed_equal_seed_observed_runs_conditional,5000,operator_minus_median_adjusted_aopc,reaggregated,common_stochastic,fixed correct class,1.0,42;43;44;45;46,results/leakage_free_tabular/audit_extensions/study2_dependency_perturbations/operators/cicids2017_binary/mlp/seed_42/shap/operator_aopc_per_flow.csv;results/leakage_free_tabular/audit_extensions/study2_dependency_perturbations/operators/cicids2017_binary/mlp/seed_43/shap/operator_aopc_per_flow.csv;results/leakage_free_tabular/audit_extensions/study2_dependency_perturbations/operators/cicids2017_binary/mlp/seed_44/shap/operator_aopc_per_flow.csv;results/leakage_free_tabular/audit_extensions/study2_dependency_perturbations/operators/cicids2017_binary/mlp/seed_45/shap/operator_aopc_per_flow.csv;results/leakage_free_tabular/audit_extensions/study2_dependency_perturbations/operators/cicids2017_binary/mlp/seed_46/shap/operator_aopc_per_flow.csv,paired source/seed; observed draws only
cicids2017_binary,mlp,shap,insertion,joint_donor,training_median,0.06456407137934343,0.019109987268939428,0.11026573237408255,80,80,5,crossed_source_seed_equal_seed_observed_runs_conditional,5000,operator_minus_median_adjusted_aopc,reaggregated,common_stochastic,fixed correct class,1.0,42;43;44;45;46,results/leakage_free_tabular/audit_extensions/study2_dependency_perturbations/operators/cicids2017_binary/mlp/seed_42/shap/operator_aopc_per_flow.csv;results/leakage_free_tabular/audit_extensions/study2_dependency_perturbations/operators/cicids2017_binary/mlp/seed_43/shap/operator_aopc_per_flow.csv;results/leakage_free_tabular/audit_extensions/study2_dependency_perturbations/operators/cicids2017_binary/mlp/seed_44/shap/operator_aopc_per_flow.csv;results/leakage_free_tabular/audit_extensions/study2_dependency_perturbations/operators/cicids2017_binary/mlp/seed_45/shap/operator_aopc_per_flow.csv;results/leakage_free_tabular/audit_extensions/study2_dependency_perturbations/operators/cicids2017_binary/mlp/seed_46/shap/operator_aopc_per_flow.csv,paired source/seed; observed draws only
ton_iot_binary,cnn,gradient_x_input,deletion,conditional_gaussian_mean,training_median,0.05575895936131462,-0.02959142650684726,0.13836008589929302,80,80,5,crossed_source_seed_equal_seed_observed_runs_conditional,5000,operator_minus_median_adjusted_aopc,reaggregated,common_stochastic,fixed correct class,1.0,42;43;44;45;46,results/leakage_free_tabular/audit_extensions/study2_dependency_perturbations/operators/ton_iot_binary/cnn/seed_42/gradient_x_input/operator_aopc_per_flow.csv;results/leakage_free_tabular/audit_extensions/study2_dependency_perturbations/operators/ton_iot_binary/cnn/seed_43/gradient_x_input/operator_aopc_per_flow.csv;results/leakage_free_tabular/audit_extensions/study2_dependency_perturbations/operators/ton_iot_binary/cnn/seed_44/gradient_x_input/operator_aopc_per_flow.csv;results/leakage_free_tabular/audit_extensions/study2_dependency_perturbations/operators/ton_iot_binary/cnn/seed_45/gradient_x_input/operator_aopc_per_flow.csv;results/leakage_free_tabular/audit_extensions/study2_dependency_perturbations/operators/ton_iot_binary/cnn/seed_46/gradient_x_input/operator_aopc_per_flow.csv,paired source/seed; observed draws only
ton_iot_binary,cnn,gradient_x_input,deletion,joint_donor,training_median,0.003525285575277404,-0.08465019438371363,0.10176078885666447,80,80,5,crossed_source_seed_equal_seed_observed_runs_conditional,5000,operator_minus_median_adjusted_aopc,reaggregated,common_stochastic,fixed correct class,1.0,42;43;44;45;46,results/leakage_free_tabular/audit_extensions/study2_dependency_perturbations/operators/ton_iot_binary/cnn/seed_42/gradient_x_input/operator_aopc_per_flow.csv;results/leakage_free_tabular/audit_extensions/study2_dependency_perturbations/operators/ton_iot_binary/cnn/seed_43/gradient_x_input/operator_aopc_per_flow.csv;results/leakage_free_tabular/audit_extensions/study2_dependency_perturbations/operators/ton_iot_binary/cnn/seed_44/gradient_x_input/operator_aopc_per_flow.csv;results/leakage_free_tabular/audit_extensions/study2_dependency_perturbations/operators/ton_iot_binary/cnn/seed_45/gradient_x_input/operator_aopc_per_flow.csv;results/leakage_free_tabular/audit_extensions/study2_dependency_perturbations/operators/ton_iot_binary/cnn/seed_46/gradient_x_input/operator_aopc_per_flow.csv,paired source/seed; observed draws only
ton_iot_binary,cnn,gradient_x_input,insertion,conditional_gaussian_mean,training_median,0.02159361487805755,-0.050037033640609546,0.08872597636974612,80,80,5,crossed_source_seed_equal_seed_observed_runs_conditional,5000,operator_minus_median_adjusted_aopc,reaggregated,common_stochastic,fixed correct class,1.0,42;43;44;45;46,results/leakage_free_tabular/audit_extensions/study2_dependency_perturbations/operators/ton_iot_binary/cnn/seed_42/gradient_x_input/operator_aopc_per_flow.csv;results/leakage_free_tabular/audit_extensions/study2_dependency_perturbations/operators/ton_iot_binary/cnn/seed_43/gradient_x_input/operator_aopc_per_flow.csv;results/leakage_free_tabular/audit_extensions/study2_dependency_perturbations/operators/ton_iot_binary/cnn/seed_44/gradient_x_input/operator_aopc_per_flow.csv;results/leakage_free_tabular/audit_extensions/study2_dependency_perturbations/operators/ton_iot_binary/cnn/seed_45/gradient_x_input/operator_aopc_per_flow.csv;results/leakage_free_tabular/audit_extensions/study2_dependency_perturbations/operators/ton_iot_binary/cnn/seed_46/gradient_x_input/operator_aopc_per_flow.csv,paired source/seed; observed draws only
ton_iot_binary,cnn,gradient_x_input,insertion,joint_donor,training_median,-0.0016711723886797091,-0.0753386515080251,0.0686519027578191,80,80,5,crossed_source_seed_equal_seed_observed_runs_conditional,5000,operator_minus_median_adjusted_aopc,reaggregated,common_stochastic,fixed correct class,1.0,42;43;44;45;46,results/leakage_free_tabular/audit_extensions/study2_dependency_perturbations/operators/ton_iot_binary/cnn/seed_42/gradient_x_input/operator_aopc_per_flow.csv;results/leakage_free_tabular/audit_extensions/study2_dependency_perturbations/operators/ton_iot_binary/cnn/seed_43/gradient_x_input/operator_aopc_per_flow.csv;results/leakage_free_tabular/audit_extensions/study2_dependency_perturbations/operators/ton_iot_binary/cnn/seed_44/gradient_x_input/operator_aopc_per_flow.csv;results/leakage_free_tabular/audit_extensions/study2_dependency_perturbations/operators/ton_iot_binary/cnn/seed_45/gradient_x_input/operator_aopc_per_flow.csv;results/leakage_free_tabular/audit_extensions/study2_dependency_perturbations/operators/ton_iot_binary/cnn/seed_46/gradient_x_input/operator_aopc_per_flow.csv,paired source/seed; observed draws only
ton_iot_binary,cnn,integrated_gradients,deletion,conditional_gaussian_mean,training_median,0.005854088573771059,-0.08414982660926314,0.09805876866902602,80,80,5,crossed_source_seed_equal_seed_observed_runs_conditional,5000,operator_minus_median_adjusted_aopc,reaggregated,common_stochastic,fixed correct class,1.0,42;43;44;45;46,results/leakage_free_tabular/audit_extensions/study2_dependency_perturbations/operators/ton_iot_binary/cnn/seed_42/integrated_gradients/operator_aopc_per_flow.csv;results/leakage_free_tabular/audit_extensions/study2_dependency_perturbations/operators/ton_iot_binary/cnn/seed_43/integrated_gradients/operator_aopc_per_flow.csv;results/leakage_free_tabular/audit_extensions/study2_dependency_perturbations/operators/ton_iot_binary/cnn/seed_44/integrated_gradients/operator_aopc_per_flow.csv;results/leakage_free_tabular/audit_extensions/study2_dependency_perturbations/operators/ton_iot_binary/cnn/seed_45/integrated_gradients/operator_aopc_per_flow.csv;results/leakage_free_tabular/audit_extensions/study2_dependency_perturbations/operators/ton_iot_binary/cnn/seed_46/integrated_gradients/operator_aopc_per_flow.csv,paired source/seed; observed draws only
ton_iot_binary,cnn,integrated_gradients,deletion,joint_donor,training_median,-0.008690906366295246,-0.07961109840787069,0.06538610144483642,80,80,5,crossed_source_seed_equal_seed_observed_runs_conditional,5000,operator_minus_median_adjusted_aopc,reaggregated,common_stochastic,fixed correct class,1.0,42;43;44;45;46,results/leakage_free_tabular/audit_extensions/study2_dependency_perturbations/operators/ton_iot_binary/cnn/seed_42/integrated_gradients/operator_aopc_per_flow.csv;results/leakage_free_tabular/audit_extensions/study2_dependency_perturbations/operators/ton_iot_binary/cnn/seed_43/integrated_gradients/operator_aopc_per_flow.csv;results/leakage_free_tabular/audit_extensions/study2_dependency_perturbations/operators/ton_iot_binary/cnn/seed_44/integrated_gradients/operator_aopc_per_flow.csv;results/leakage_free_tabular/audit_extensions/study2_dependency_perturbations/operators/ton_iot_binary/cnn/seed_45/integrated_gradients/operator_aopc_per_flow.csv;results/leakage_free_tabular/audit_extensions/study2_dependency_perturbations/operators/ton_iot_binary/cnn/seed_46/integrated_gradients/operator_aopc_per_flow.csv,paired source/seed; observed draws only
ton_iot_binary,cnn,integrated_gradients,insertion,conditional_gaussian_mean,training_median,-0.15236533292490761,-0.2103843976037995,-0.09499911890793761,80,80,5,crossed_source_seed_equal_seed_observed_runs_conditional,5000,operator_minus_median_adjusted_aopc,reaggregated,common_stochastic,fixed correct class,1.0,42;43;44;45;46,results/leakage_free_tabular/audit_extensions/study2_dependency_perturbations/operators/ton_iot_binary/cnn/seed_42/integrated_gradients/operator_aopc_per_flow.csv;results/leakage_free_tabular/audit_extensions/study2_dependency_perturbations/operators/ton_iot_binary/cnn/seed_43/integrated_gradients/operator_aopc_per_flow.csv;results/leakage_free_tabular/audit_extensions/study2_dependency_perturbations/operators/ton_iot_binary/cnn/seed_44/integrated_gradients/operator_aopc_per_flow.csv;results/leakage_free_tabular/audit_extensions/study2_dependency_perturbations/operators/ton_iot_binary/cnn/seed_45/integrated_gradients/operator_aopc_per_flow.csv;results/leakage_free_tabular/audit_extensions/study2_dependency_perturbations/operators/ton_iot_binary/cnn/seed_46/integrated_gradients/operator_aopc_per_flow.csv,paired source/seed; observed draws only
ton_iot_binary,cnn,integrated_gradients,insertion,joint_donor,training_median,0.026426187144257318,-0.03614112704125315,0.0895238833658825,80,80,5,crossed_source_seed_equal_seed_observed_runs_conditional,5000,operator_minus_median_adjusted_aopc,reaggregated,common_stochastic,fixed correct class,1.0,42;43;44;45;46,results/leakage_free_tabular/audit_extensions/study2_dependency_perturbations/operators/ton_iot_binary/cnn/seed_42/integrated_gradients/operator_aopc_per_flow.csv;results/leakage_free_tabular/audit_extensions/study2_dependency_perturbations/operators/ton_iot_binary/cnn/seed_43/integrated_gradients/operator_aopc_per_flow.csv;results/leakage_free_tabular/audit_extensions/study2_dependency_perturbations/operators/ton_iot_binary/cnn/seed_44/integrated_gradients/operator_aopc_per_flow.csv;results/leakage_free_tabular/audit_extensions/study2_dependency_perturbations/operators/ton_iot_binary/cnn/seed_45/integrated_gradients/operator_aopc_per_flow.csv;results/leakage_free_tabular/audit_extensions/study2_dependency_perturbations/operators/ton_iot_binary/cnn/seed_46/integrated_gradients/operator_aopc_per_flow.csv,paired source/seed; observed draws only
ton_iot_binary,cnn,lime,deletion,conditional_gaussian_mean,training_median,0.09360607630934875,-0.029800103729906283,0.22494624989851308,80,80,5,crossed_source_seed_equal_seed_observed_runs_conditional,5000,operator_minus_median_adjusted_aopc,reaggregated,common_stochastic,fixed correct class,1.0,42;43;44;45;46,results/leakage_free_tabular/audit_extensions/study2_dependency_perturbations/operators/ton_iot_binary/cnn/seed_42/lime/operator_aopc_per_flow.csv;results/leakage_free_tabular/audit_extensions/study2_dependency_perturbations/operators/ton_iot_binary/cnn/seed_43/lime/operator_aopc_per_flow.csv;results/leakage_free_tabular/audit_extensions/study2_dependency_perturbations/operators/ton_iot_binary/cnn/seed_44/lime/operator_aopc_per_flow.csv;results/leakage_free_tabular/audit_extensions/study2_dependency_perturbations/operators/ton_iot_binary/cnn/seed_45/lime/operator_aopc_per_flow.csv;results/leakage_free_tabular/audit_extensions/study2_dependency_perturbations/operators/ton_iot_binary/cnn/seed_46/lime/operator_aopc_per_flow.csv,paired source/seed; observed draws only
ton_iot_binary,cnn,lime,deletion,joint_donor,training_median,0.07285121161669195,-0.0040068311287723545,0.15643070500107095,80,80,5,crossed_source_seed_equal_seed_observed_runs_conditional,5000,operator_minus_median_adjusted_aopc,reaggregated,common_stochastic,fixed correct class,1.0,42;43;44;45;46,results/leakage_free_tabular/audit_extensions/study2_dependency_perturbations/operators/ton_iot_binary/cnn/seed_42/lime/operator_aopc_per_flow.csv;results/leakage_free_tabular/audit_extensions/study2_dependency_perturbations/operators/ton_iot_binary/cnn/seed_43/lime/operator_aopc_per_flow.csv;results/leakage_free_tabular/audit_extensions/study2_dependency_perturbations/operators/ton_iot_binary/cnn/seed_44/lime/operator_aopc_per_flow.csv;results/leakage_free_tabular/audit_extensions/study2_dependency_perturbations/operators/ton_iot_binary/cnn/seed_45/lime/operator_aopc_per_flow.csv;results/leakage_free_tabular/audit_extensions/study2_dependency_perturbations/operators/ton_iot_binary/cnn/seed_46/lime/operator_aopc_per_flow.csv,paired source/seed; observed draws only
ton_iot_binary,cnn,lime,insertion,conditional_gaussian_mean,training_median,0.07497313154337648,-0.022012907263184812,0.17915623407208292,80,80,5,crossed_source_seed_equal_seed_observed_runs_conditional,5000,operator_minus_median_adjusted_aopc,reaggregated,common_stochastic,fixed correct class,1.0,42;43;44;45;46,results/leakage_free_tabular/audit_extensions/study2_dependency_perturbations/operators/ton_iot_binary/cnn/seed_42/lime/operator_aopc_per_flow.csv;results/leakage_free_tabular/audit_extensions/study2_dependency_perturbations/operators/ton_iot_binary/cnn/seed_43/lime/operator_aopc_per_flow.csv;results/leakage_free_tabular/audit_extensions/study2_dependency_perturbations/operators/ton_iot_binary/cnn/seed_44/lime/operator_aopc_per_flow.csv;results/leakage_free_tabular/audit_extensions/study2_dependency_perturbations/operators/ton_iot_binary/cnn/seed_45/lime/operator_aopc_per_flow.csv;results/leakage_free_tabular/audit_extensions/study2_dependency_perturbations/operators/ton_iot_binary/cnn/seed_46/lime/operator_aopc_per_flow.csv,paired source/seed; observed draws only
ton_iot_binary,cnn,lime,insertion,joint_donor,training_median,0.04535124038046409,-0.027554422286515803,0.1205146179348795,80,80,5,crossed_source_seed_equal_seed_observed_runs_conditional,5000,operator_minus_median_adjusted_aopc,reaggregated,common_stochastic,fixed correct class,1.0,42;43;44;45;46,results/leakage_free_tabular/audit_extensions/study2_dependency_perturbations/operators/ton_iot_binary/cnn/seed_42/lime/operator_aopc_per_flow.csv;results/leakage_free_tabular/audit_extensions/study2_dependency_perturbations/operators/ton_iot_binary/cnn/seed_43/lime/operator_aopc_per_flow.csv;results/leakage_free_tabular/audit_extensions/study2_dependency_perturbations/operators/ton_iot_binary/cnn/seed_44/lime/operator_aopc_per_flow.csv;results/leakage_free_tabular/audit_extensions/study2_dependency_perturbations/operators/ton_iot_binary/cnn/seed_45/lime/operator_aopc_per_flow.csv;results/leakage_free_tabular/audit_extensions/study2_dependency_perturbations/operators/ton_iot_binary/cnn/seed_46/lime/operator_aopc_per_flow.csv,paired source/seed; observed draws only
ton_iot_binary,cnn,occlusion,deletion,conditional_gaussian_mean,training_median,-0.048021458292674526,-0.1376609954971202,0.04960298694430389,80,80,5,crossed_source_seed_equal_seed_observed_runs_conditional,5000,operator_minus_median_adjusted_aopc,reaggregated,common_stochastic,fixed correct class,1.0,42;43;44;45;46,results/leakage_free_tabular/audit_extensions/study2_dependency_perturbations/operators/ton_iot_binary/cnn/seed_42/occlusion/operator_aopc_per_flow.csv;results/leakage_free_tabular/audit_extensions/study2_dependency_perturbations/operators/ton_iot_binary/cnn/seed_43/occlusion/operator_aopc_per_flow.csv;results/leakage_free_tabular/audit_extensions/study2_dependency_perturbations/operators/ton_iot_binary/cnn/seed_44/occlusion/operator_aopc_per_flow.csv;results/leakage_free_tabular/audit_extensions/study2_dependency_perturbations/operators/ton_iot_binary/cnn/seed_45/occlusion/operator_aopc_per_flow.csv;results/leakage_free_tabular/audit_extensions/study2_dependency_perturbations/operators/ton_iot_binary/cnn/seed_46/occlusion/operator_aopc_per_flow.csv,paired source/seed; observed draws only
ton_iot_binary,cnn,occlusion,deletion,joint_donor,training_median,-0.05198546903107446,-0.1271782430934775,0.021233195559896553,80,80,5,crossed_source_seed_equal_seed_observed_runs_conditional,5000,operator_minus_median_adjusted_aopc,reaggregated,common_stochastic,fixed correct class,1.0,42;43;44;45;46,results/leakage_free_tabular/audit_extensions/study2_dependency_perturbations/operators/ton_iot_binary/cnn/seed_42/occlusion/operator_aopc_per_flow.csv;results/leakage_free_tabular/audit_extensions/study2_dependency_perturbations/operators/ton_iot_binary/cnn/seed_43/occlusion/operator_aopc_per_flow.csv;results/leakage_free_tabular/audit_extensions/study2_dependency_perturbations/operators/ton_iot_binary/cnn/seed_44/occlusion/operator_aopc_per_flow.csv;results/leakage_free_tabular/audit_extensions/study2_dependency_perturbations/operators/ton_iot_binary/cnn/seed_45/occlusion/operator_aopc_per_flow.csv;results/leakage_free_tabular/audit_extensions/study2_dependency_perturbations/operators/ton_iot_binary/cnn/seed_46/occlusion/operator_aopc_per_flow.csv,paired source/seed; observed draws only
ton_iot_binary,cnn,occlusion,insertion,conditional_gaussian_mean,training_median,-0.1968192317802686,-0.25120845743574083,-0.13401185828785647,80,80,5,crossed_source_seed_equal_seed_observed_runs_conditional,5000,operator_minus_median_adjusted_aopc,reaggregated,common_stochastic,fixed correct class,1.0,42;43;44;45;46,results/leakage_free_tabular/audit_extensions/study2_dependency_perturbations/operators/ton_iot_binary/cnn/seed_42/occlusion/operator_aopc_per_flow.csv;results/leakage_free_tabular/audit_extensions/study2_dependency_perturbations/operators/ton_iot_binary/cnn/seed_43/occlusion/operator_aopc_per_flow.csv;results/leakage_free_tabular/audit_extensions/study2_dependency_perturbations/operators/ton_iot_binary/cnn/seed_44/occlusion/operator_aopc_per_flow.csv;results/leakage_free_tabular/audit_extensions/study2_dependency_perturbations/operators/ton_iot_binary/cnn/seed_45/occlusion/operator_aopc_per_flow.csv;results/leakage_free_tabular/audit_extensions/study2_dependency_perturbations/operators/ton_iot_binary/cnn/seed_46/occlusion/operator_aopc_per_flow.csv,paired source/seed; observed draws only
ton_iot_binary,cnn,occlusion,insertion,joint_donor,training_median,0.013755651999424013,-0.045333777562930694,0.07194618943987911,80,80,5,crossed_source_seed_equal_seed_observed_runs_conditional,5000,operator_minus_median_adjusted_aopc,reaggregated,common_stochastic,fixed correct class,1.0,42;43;44;45;46,results/leakage_free_tabular/audit_extensions/study2_dependency_perturbations/operators/ton_iot_binary/cnn/seed_42/occlusion/operator_aopc_per_flow.csv;results/leakage_free_tabular/audit_extensions/study2_dependency_perturbations/operators/ton_iot_binary/cnn/seed_43/occlusion/operator_aopc_per_flow.csv;results/leakage_free_tabular/audit_extensions/study2_dependency_perturbations/operators/ton_iot_binary/cnn/seed_44/occlusion/operator_aopc_per_flow.csv;results/leakage_free_tabular/audit_extensions/study2_dependency_perturbations/operators/ton_iot_binary/cnn/seed_45/occlusion/operator_aopc_per_flow.csv;results/leakage_free_tabular/audit_extensions/study2_dependency_perturbations/operators/ton_iot_binary/cnn/seed_46/occlusion/operator_aopc_per_flow.csv,paired source/seed; observed draws only
ton_iot_binary,cnn,shap,deletion,conditional_gaussian_mean,training_median,-0.1072977749231766,-0.19645087860971372,-0.02443310300437103,80,80,5,crossed_source_seed_equal_seed_observed_runs_conditional,5000,operator_minus_median_adjusted_aopc,reaggregated,common_stochastic,fixed correct class,1.0,42;43;44;45;46,results/leakage_free_tabular/audit_extensions/study2_dependency_perturbations/operators/ton_iot_binary/cnn/seed_42/shap/operator_aopc_per_flow.csv;results/leakage_free_tabular/audit_extensions/study2_dependency_perturbations/operators/ton_iot_binary/cnn/seed_43/shap/operator_aopc_per_flow.csv;results/leakage_free_tabular/audit_extensions/study2_dependency_perturbations/operators/ton_iot_binary/cnn/seed_44/shap/operator_aopc_per_flow.csv;results/leakage_free_tabular/audit_extensions/study2_dependency_perturbations/operators/ton_iot_binary/cnn/seed_45/shap/operator_aopc_per_flow.csv;results/leakage_free_tabular/audit_extensions/study2_dependency_perturbations/operators/ton_iot_binary/cnn/seed_46/shap/operator_aopc_per_flow.csv,paired source/seed; observed draws only
ton_iot_binary,cnn,shap,deletion,joint_donor,training_median,-0.09527753499390458,-0.17541854202909657,-0.012226119433898647,80,80,5,crossed_source_seed_equal_seed_observed_runs_conditional,5000,operator_minus_median_adjusted_aopc,reaggregated,common_stochastic,fixed correct class,1.0,42;43;44;45;46,results/leakage_free_tabular/audit_extensions/study2_dependency_perturbations/operators/ton_iot_binary/cnn/seed_42/shap/operator_aopc_per_flow.csv;results/leakage_free_tabular/audit_extensions/study2_dependency_perturbations/operators/ton_iot_binary/cnn/seed_43/shap/operator_aopc_per_flow.csv;results/leakage_free_tabular/audit_extensions/study2_dependency_perturbations/operators/ton_iot_binary/cnn/seed_44/shap/operator_aopc_per_flow.csv;results/leakage_free_tabular/audit_extensions/study2_dependency_perturbations/operators/ton_iot_binary/cnn/seed_45/shap/operator_aopc_per_flow.csv;results/leakage_free_tabular/audit_extensions/study2_dependency_perturbations/operators/ton_iot_binary/cnn/seed_46/shap/operator_aopc_per_flow.csv,paired source/seed; observed draws only
ton_iot_binary,cnn,shap,insertion,conditional_gaussian_mean,training_median,-0.11089919410087609,-0.16645821243906025,-0.05315651127502096,80,80,5,crossed_source_seed_equal_seed_observed_runs_conditional,5000,operator_minus_median_adjusted_aopc,reaggregated,common_stochastic,fixed correct class,1.0,42;43;44;45;46,results/leakage_free_tabular/audit_extensions/study2_dependency_perturbations/operators/ton_iot_binary/cnn/seed_42/shap/operator_aopc_per_flow.csv;results/leakage_free_tabular/audit_extensions/study2_dependency_perturbations/operators/ton_iot_binary/cnn/seed_43/shap/operator_aopc_per_flow.csv;results/leakage_free_tabular/audit_extensions/study2_dependency_perturbations/operators/ton_iot_binary/cnn/seed_44/shap/operator_aopc_per_flow.csv;results/leakage_free_tabular/audit_extensions/study2_dependency_perturbations/operators/ton_iot_binary/cnn/seed_45/shap/operator_aopc_per_flow.csv;results/leakage_free_tabular/audit_extensions/study2_dependency_perturbations/operators/ton_iot_binary/cnn/seed_46/shap/operator_aopc_per_flow.csv,paired source/seed; observed draws only
ton_iot_binary,cnn,shap,insertion,joint_donor,training_median,0.0014497678077747462,-0.07799203231352461,0.07848125820229554,80,80,5,crossed_source_seed_equal_seed_observed_runs_conditional,5000,operator_minus_median_adjusted_aopc,reaggregated,common_stochastic,fixed correct class,1.0,42;43;44;45;46,results/leakage_free_tabular/audit_extensions/study2_dependency_perturbations/operators/ton_iot_binary/cnn/seed_42/shap/operator_aopc_per_flow.csv;results/leakage_free_tabular/audit_extensions/study2_dependency_perturbations/operators/ton_iot_binary/cnn/seed_43/shap/operator_aopc_per_flow.csv;results/leakage_free_tabular/audit_extensions/study2_dependency_perturbations/operators/ton_iot_binary/cnn/seed_44/shap/operator_aopc_per_flow.csv;results/leakage_free_tabular/audit_extensions/study2_dependency_perturbations/operators/ton_iot_binary/cnn/seed_45/shap/operator_aopc_per_flow.csv;results/leakage_free_tabular/audit_extensions/study2_dependency_perturbations/operators/ton_iot_binary/cnn/seed_46/shap/operator_aopc_per_flow.csv,paired source/seed; observed draws only
ton_iot_binary,mlp,gradient_x_input,deletion,conditional_gaussian_mean,training_median,0.07052457721204058,-0.06127049472457298,0.20032129552899797,80,80,5,crossed_source_seed_equal_seed_observed_runs_conditional,5000,operator_minus_median_adjusted_aopc,reaggregated,common_stochastic,fixed correct class,1.0,42;43;44;45;46,results/leakage_free_tabular/audit_extensions/study2_dependency_perturbations/operators/ton_iot_binary/mlp/seed_42/gradient_x_input/operator_aopc_per_flow.csv;results/leakage_free_tabular/audit_extensions/study2_dependency_perturbations/operators/ton_iot_binary/mlp/seed_43/gradient_x_input/operator_aopc_per_flow.csv;results/leakage_free_tabular/audit_extensions/study2_dependency_perturbations/operators/ton_iot_binary/mlp/seed_44/gradient_x_input/operator_aopc_per_flow.csv;results/leakage_free_tabular/audit_extensions/study2_dependency_perturbations/operators/ton_iot_binary/mlp/seed_45/gradient_x_input/operator_aopc_per_flow.csv;results/leakage_free_tabular/audit_extensions/study2_dependency_perturbations/operators/ton_iot_binary/mlp/seed_46/gradient_x_input/operator_aopc_per_flow.csv,paired source/seed; observed draws only
ton_iot_binary,mlp,gradient_x_input,deletion,joint_donor,training_median,0.022717254786383385,-0.08849992190259964,0.13092122634139952,80,80,5,crossed_source_seed_equal_seed_observed_runs_conditional,5000,operator_minus_median_adjusted_aopc,reaggregated,common_stochastic,fixed correct class,1.0,42;43;44;45;46,results/leakage_free_tabular/audit_extensions/study2_dependency_perturbations/operators/ton_iot_binary/mlp/seed_42/gradient_x_input/operator_aopc_per_flow.csv;results/leakage_free_tabular/audit_extensions/study2_dependency_perturbations/operators/ton_iot_binary/mlp/seed_43/gradient_x_input/operator_aopc_per_flow.csv;results/leakage_free_tabular/audit_extensions/study2_dependency_perturbations/operators/ton_iot_binary/mlp/seed_44/gradient_x_input/operator_aopc_per_flow.csv;results/leakage_free_tabular/audit_extensions/study2_dependency_perturbations/operators/ton_iot_binary/mlp/seed_45/gradient_x_input/operator_aopc_per_flow.csv;results/leakage_free_tabular/audit_extensions/study2_dependency_perturbations/operators/ton_iot_binary/mlp/seed_46/gradient_x_input/operator_aopc_per_flow.csv,paired source/seed; observed draws only
ton_iot_binary,mlp,gradient_x_input,insertion,conditional_gaussian_mean,training_median,0.058715922080984896,-0.03061021247319308,0.1559438905577422,80,80,5,crossed_source_seed_equal_seed_observed_runs_conditional,5000,operator_minus_median_adjusted_aopc,reaggregated,common_stochastic,fixed correct class,1.0,42;43;44;45;46,results/leakage_free_tabular/audit_extensions/study2_dependency_perturbations/operators/ton_iot_binary/mlp/seed_42/gradient_x_input/operator_aopc_per_flow.csv;results/leakage_free_tabular/audit_extensions/study2_dependency_perturbations/operators/ton_iot_binary/mlp/seed_43/gradient_x_input/operator_aopc_per_flow.csv;results/leakage_free_tabular/audit_extensions/study2_dependency_perturbations/operators/ton_iot_binary/mlp/seed_44/gradient_x_input/operator_aopc_per_flow.csv;results/leakage_free_tabular/audit_extensions/study2_dependency_perturbations/operators/ton_iot_binary/mlp/seed_45/gradient_x_input/operator_aopc_per_flow.csv;results/leakage_free_tabular/audit_extensions/study2_dependency_perturbations/operators/ton_iot_binary/mlp/seed_46/gradient_x_input/operator_aopc_per_flow.csv,paired source/seed; observed draws only
ton_iot_binary,mlp,gradient_x_input,insertion,joint_donor,training_median,0.014467448326040872,-0.04262406117155038,0.06872461878471793,80,80,5,crossed_source_seed_equal_seed_observed_runs_conditional,5000,operator_minus_median_adjusted_aopc,reaggregated,common_stochastic,fixed correct class,1.0,42;43;44;45;46,results/leakage_free_tabular/audit_extensions/study2_dependency_perturbations/operators/ton_iot_binary/mlp/seed_42/gradient_x_input/operator_aopc_per_flow.csv;results/leakage_free_tabular/audit_extensions/study2_dependency_perturbations/operators/ton_iot_binary/mlp/seed_43/gradient_x_input/operator_aopc_per_flow.csv;results/leakage_free_tabular/audit_extensions/study2_dependency_perturbations/operators/ton_iot_binary/mlp/seed_44/gradient_x_input/operator_aopc_per_flow.csv;results/leakage_free_tabular/audit_extensions/study2_dependency_perturbations/operators/ton_iot_binary/mlp/seed_45/gradient_x_input/operator_aopc_per_flow.csv;results/leakage_free_tabular/audit_extensions/study2_dependency_perturbations/operators/ton_iot_binary/mlp/seed_46/gradient_x_input/operator_aopc_per_flow.csv,paired source/seed; observed draws only
ton_iot_binary,mlp,integrated_gradients,deletion,conditional_gaussian_mean,training_median,-0.00348833628676203,-0.08041262239241691,0.07476271390038225,80,80,5,crossed_source_seed_equal_seed_observed_runs_conditional,5000,operator_minus_median_adjusted_aopc,reaggregated,common_stochastic,fixed correct class,1.0,42;43;44;45;46,results/leakage_free_tabular/audit_extensions/study2_dependency_perturbations/operators/ton_iot_binary/mlp/seed_42/integrated_gradients/operator_aopc_per_flow.csv;results/leakage_free_tabular/audit_extensions/study2_dependency_perturbations/operators/ton_iot_binary/mlp/seed_43/integrated_gradients/operator_aopc_per_flow.csv;results/leakage_free_tabular/audit_extensions/study2_dependency_perturbations/operators/ton_iot_binary/mlp/seed_44/integrated_gradients/operator_aopc_per_flow.csv;results/leakage_free_tabular/audit_extensions/study2_dependency_perturbations/operators/ton_iot_binary/mlp/seed_45/integrated_gradients/operator_aopc_per_flow.csv;results/leakage_free_tabular/audit_extensions/study2_dependency_perturbations/operators/ton_iot_binary/mlp/seed_46/integrated_gradients/operator_aopc_per_flow.csv,paired source/seed; observed draws only
ton_iot_binary,mlp,integrated_gradients,deletion,joint_donor,training_median,-0.03831333121394669,-0.10630184503368302,0.03277044677968513,80,80,5,crossed_source_seed_equal_seed_observed_runs_conditional,5000,operator_minus_median_adjusted_aopc,reaggregated,common_stochastic,fixed correct class,1.0,42;43;44;45;46,results/leakage_free_tabular/audit_extensions/study2_dependency_perturbations/operators/ton_iot_binary/mlp/seed_42/integrated_gradients/operator_aopc_per_flow.csv;results/leakage_free_tabular/audit_extensions/study2_dependency_perturbations/operators/ton_iot_binary/mlp/seed_43/integrated_gradients/operator_aopc_per_flow.csv;results/leakage_free_tabular/audit_extensions/study2_dependency_perturbations/operators/ton_iot_binary/mlp/seed_44/integrated_gradients/operator_aopc_per_flow.csv;results/leakage_free_tabular/audit_extensions/study2_dependency_perturbations/operators/ton_iot_binary/mlp/seed_45/integrated_gradients/operator_aopc_per_flow.csv;results/leakage_free_tabular/audit_extensions/study2_dependency_perturbations/operators/ton_iot_binary/mlp/seed_46/integrated_gradients/operator_aopc_per_flow.csv,paired source/seed; observed draws only
ton_iot_binary,mlp,integrated_gradients,insertion,conditional_gaussian_mean,training_median,-0.22202811979261225,-0.31813688443430055,-0.13067321264541698,80,80,5,crossed_source_seed_equal_seed_observed_runs_conditional,5000,operator_minus_median_adjusted_aopc,reaggregated,common_stochastic,fixed correct class,1.0,42;43;44;45;46,results/leakage_free_tabular/audit_extensions/study2_dependency_perturbations/operators/ton_iot_binary/mlp/seed_42/integrated_gradients/operator_aopc_per_flow.csv;results/leakage_free_tabular/audit_extensions/study2_dependency_perturbations/operators/ton_iot_binary/mlp/seed_43/integrated_gradients/operator_aopc_per_flow.csv;results/leakage_free_tabular/audit_extensions/study2_dependency_perturbations/operators/ton_iot_binary/mlp/seed_44/integrated_gradients/operator_aopc_per_flow.csv;results/leakage_free_tabular/audit_extensions/study2_dependency_perturbations/operators/ton_iot_binary/mlp/seed_45/integrated_gradients/operator_aopc_per_flow.csv;results/leakage_free_tabular/audit_extensions/study2_dependency_perturbations/operators/ton_iot_binary/mlp/seed_46/integrated_gradients/operator_aopc_per_flow.csv,paired source/seed; observed draws only
ton_iot_binary,mlp,integrated_gradients,insertion,joint_donor,training_median,-0.029982182321331697,-0.09958013908333367,0.03157407721833821,80,80,5,crossed_source_seed_equal_seed_observed_runs_conditional,5000,operator_minus_median_adjusted_aopc,reaggregated,common_stochastic,fixed correct class,1.0,42;43;44;45;46,results/leakage_free_tabular/audit_extensions/study2_dependency_perturbations/operators/ton_iot_binary/mlp/seed_42/integrated_gradients/operator_aopc_per_flow.csv;results/leakage_free_tabular/audit_extensions/study2_dependency_perturbations/operators/ton_iot_binary/mlp/seed_43/integrated_gradients/operator_aopc_per_flow.csv;results/leakage_free_tabular/audit_extensions/study2_dependency_perturbations/operators/ton_iot_binary/mlp/seed_44/integrated_gradients/operator_aopc_per_flow.csv;results/leakage_free_tabular/audit_extensions/study2_dependency_perturbations/operators/ton_iot_binary/mlp/seed_45/integrated_gradients/operator_aopc_per_flow.csv;results/leakage_free_tabular/audit_extensions/study2_dependency_perturbations/operators/ton_iot_binary/mlp/seed_46/integrated_gradients/operator_aopc_per_flow.csv,paired source/seed; observed draws only
ton_iot_binary,mlp,lime,deletion,conditional_gaussian_mean,training_median,0.10130472066281988,-0.005570814480567564,0.19799721704400763,80,80,5,crossed_source_seed_equal_seed_observed_runs_conditional,5000,operator_minus_median_adjusted_aopc,reaggregated,common_stochastic,fixed correct class,1.0,42;43;44;45;46,results/leakage_free_tabular/audit_extensions/study2_dependency_perturbations/operators/ton_iot_binary/mlp/seed_42/lime/operator_aopc_per_flow.csv;results/leakage_free_tabular/audit_extensions/study2_dependency_perturbations/operators/ton_iot_binary/mlp/seed_43/lime/operator_aopc_per_flow.csv;results/leakage_free_tabular/audit_extensions/study2_dependency_perturbations/operators/ton_iot_binary/mlp/seed_44/lime/operator_aopc_per_flow.csv;results/leakage_free_tabular/audit_extensions/study2_dependency_perturbations/operators/ton_iot_binary/mlp/seed_45/lime/operator_aopc_per_flow.csv;results/leakage_free_tabular/audit_extensions/study2_dependency_perturbations/operators/ton_iot_binary/mlp/seed_46/lime/operator_aopc_per_flow.csv,paired source/seed; observed draws only
ton_iot_binary,mlp,lime,deletion,joint_donor,training_median,0.03922181601537382,-0.0611511808749419,0.15374938346242747,80,80,5,crossed_source_seed_equal_seed_observed_runs_conditional,5000,operator_minus_median_adjusted_aopc,reaggregated,common_stochastic,fixed correct class,1.0,42;43;44;45;46,results/leakage_free_tabular/audit_extensions/study2_dependency_perturbations/operators/ton_iot_binary/mlp/seed_42/lime/operator_aopc_per_flow.csv;results/leakage_free_tabular/audit_extensions/study2_dependency_perturbations/operators/ton_iot_binary/mlp/seed_43/lime/operator_aopc_per_flow.csv;results/leakage_free_tabular/audit_extensions/study2_dependency_perturbations/operators/ton_iot_binary/mlp/seed_44/lime/operator_aopc_per_flow.csv;results/leakage_free_tabular/audit_extensions/study2_dependency_perturbations/operators/ton_iot_binary/mlp/seed_45/lime/operator_aopc_per_flow.csv;results/leakage_free_tabular/audit_extensions/study2_dependency_perturbations/operators/ton_iot_binary/mlp/seed_46/lime/operator_aopc_per_flow.csv,paired source/seed; observed draws only
ton_iot_binary,mlp,lime,insertion,conditional_gaussian_mean,training_median,0.15138350321450883,0.05296259868514573,0.24751440427682847,80,80,5,crossed_source_seed_equal_seed_observed_runs_conditional,5000,operator_minus_median_adjusted_aopc,reaggregated,common_stochastic,fixed correct class,1.0,42;43;44;45;46,results/leakage_free_tabular/audit_extensions/study2_dependency_perturbations/operators/ton_iot_binary/mlp/seed_42/lime/operator_aopc_per_flow.csv;results/leakage_free_tabular/audit_extensions/study2_dependency_perturbations/operators/ton_iot_binary/mlp/seed_43/lime/operator_aopc_per_flow.csv;results/leakage_free_tabular/audit_extensions/study2_dependency_perturbations/operators/ton_iot_binary/mlp/seed_44/lime/operator_aopc_per_flow.csv;results/leakage_free_tabular/audit_extensions/study2_dependency_perturbations/operators/ton_iot_binary/mlp/seed_45/lime/operator_aopc_per_flow.csv;results/leakage_free_tabular/audit_extensions/study2_dependency_perturbations/operators/ton_iot_binary/mlp/seed_46/lime/operator_aopc_per_flow.csv,paired source/seed; observed draws only
ton_iot_binary,mlp,lime,insertion,joint_donor,training_median,0.0831338358813303,-0.011624233701321544,0.18480686007361227,80,80,5,crossed_source_seed_equal_seed_observed_runs_conditional,5000,operator_minus_median_adjusted_aopc,reaggregated,common_stochastic,fixed correct class,1.0,42;43;44;45;46,results/leakage_free_tabular/audit_extensions/study2_dependency_perturbations/operators/ton_iot_binary/mlp/seed_42/lime/operator_aopc_per_flow.csv;results/leakage_free_tabular/audit_extensions/study2_dependency_perturbations/operators/ton_iot_binary/mlp/seed_43/lime/operator_aopc_per_flow.csv;results/leakage_free_tabular/audit_extensions/study2_dependency_perturbations/operators/ton_iot_binary/mlp/seed_44/lime/operator_aopc_per_flow.csv;results/leakage_free_tabular/audit_extensions/study2_dependency_perturbations/operators/ton_iot_binary/mlp/seed_45/lime/operator_aopc_per_flow.csv;results/leakage_free_tabular/audit_extensions/study2_dependency_perturbations/operators/ton_iot_binary/mlp/seed_46/lime/operator_aopc_per_flow.csv,paired source/seed; observed draws only
ton_iot_binary,mlp,occlusion,deletion,conditional_gaussian_mean,training_median,-0.056846320412310705,-0.12633974017462857,0.016367620079725267,80,80,5,crossed_source_seed_equal_seed_observed_runs_conditional,5000,operator_minus_median_adjusted_aopc,reaggregated,common_stochastic,fixed correct class,1.0,42;43;44;45;46,results/leakage_free_tabular/audit_extensions/study2_dependency_perturbations/operators/ton_iot_binary/mlp/seed_42/occlusion/operator_aopc_per_flow.csv;results/leakage_free_tabular/audit_extensions/study2_dependency_perturbations/operators/ton_iot_binary/mlp/seed_43/occlusion/operator_aopc_per_flow.csv;results/leakage_free_tabular/audit_extensions/study2_dependency_perturbations/operators/ton_iot_binary/mlp/seed_44/occlusion/operator_aopc_per_flow.csv;results/leakage_free_tabular/audit_extensions/study2_dependency_perturbations/operators/ton_iot_binary/mlp/seed_45/occlusion/operator_aopc_per_flow.csv;results/leakage_free_tabular/audit_extensions/study2_dependency_perturbations/operators/ton_iot_binary/mlp/seed_46/occlusion/operator_aopc_per_flow.csv,paired source/seed; observed draws only
ton_iot_binary,mlp,occlusion,deletion,joint_donor,training_median,-0.034955484652862745,-0.09942420000871235,0.034431945036453845,80,80,5,crossed_source_seed_equal_seed_observed_runs_conditional,5000,operator_minus_median_adjusted_aopc,reaggregated,common_stochastic,fixed correct class,1.0,42;43;44;45;46,results/leakage_free_tabular/audit_extensions/study2_dependency_perturbations/operators/ton_iot_binary/mlp/seed_42/occlusion/operator_aopc_per_flow.csv;results/leakage_free_tabular/audit_extensions/study2_dependency_perturbations/operators/ton_iot_binary/mlp/seed_43/occlusion/operator_aopc_per_flow.csv;results/leakage_free_tabular/audit_extensions/study2_dependency_perturbations/operators/ton_iot_binary/mlp/seed_44/occlusion/operator_aopc_per_flow.csv;results/leakage_free_tabular/audit_extensions/study2_dependency_perturbations/operators/ton_iot_binary/mlp/seed_45/occlusion/operator_aopc_per_flow.csv;results/leakage_free_tabular/audit_extensions/study2_dependency_perturbations/operators/ton_iot_binary/mlp/seed_46/occlusion/operator_aopc_per_flow.csv,paired source/seed; observed draws only
ton_iot_binary,mlp,occlusion,insertion,conditional_gaussian_mean,training_median,-0.26831756589107636,-0.33534051339265575,-0.20521867560781631,80,80,5,crossed_source_seed_equal_seed_observed_runs_conditional,5000,operator_minus_median_adjusted_aopc,reaggregated,common_stochastic,fixed correct class,1.0,42;43;44;45;46,results/leakage_free_tabular/audit_extensions/study2_dependency_perturbations/operators/ton_iot_binary/mlp/seed_42/occlusion/operator_aopc_per_flow.csv;results/leakage_free_tabular/audit_extensions/study2_dependency_perturbations/operators/ton_iot_binary/mlp/seed_43/occlusion/operator_aopc_per_flow.csv;results/leakage_free_tabular/audit_extensions/study2_dependency_perturbations/operators/ton_iot_binary/mlp/seed_44/occlusion/operator_aopc_per_flow.csv;results/leakage_free_tabular/audit_extensions/study2_dependency_perturbations/operators/ton_iot_binary/mlp/seed_45/occlusion/operator_aopc_per_flow.csv;results/leakage_free_tabular/audit_extensions/study2_dependency_perturbations/operators/ton_iot_binary/mlp/seed_46/occlusion/operator_aopc_per_flow.csv,paired source/seed; observed draws only
ton_iot_binary,mlp,occlusion,insertion,joint_donor,training_median,-0.029729009579618233,-0.09675138481990164,0.035664028374887184,80,80,5,crossed_source_seed_equal_seed_observed_runs_conditional,5000,operator_minus_median_adjusted_aopc,reaggregated,common_stochastic,fixed correct class,1.0,42;43;44;45;46,results/leakage_free_tabular/audit_extensions/study2_dependency_perturbations/operators/ton_iot_binary/mlp/seed_42/occlusion/operator_aopc_per_flow.csv;results/leakage_free_tabular/audit_extensions/study2_dependency_perturbations/operators/ton_iot_binary/mlp/seed_43/occlusion/operator_aopc_per_flow.csv;results/leakage_free_tabular/audit_extensions/study2_dependency_perturbations/operators/ton_iot_binary/mlp/seed_44/occlusion/operator_aopc_per_flow.csv;results/leakage_free_tabular/audit_extensions/study2_dependency_perturbations/operators/ton_iot_binary/mlp/seed_45/occlusion/operator_aopc_per_flow.csv;results/leakage_free_tabular/audit_extensions/study2_dependency_perturbations/operators/ton_iot_binary/mlp/seed_46/occlusion/operator_aopc_per_flow.csv,paired source/seed; observed draws only
ton_iot_binary,mlp,shap,deletion,conditional_gaussian_mean,training_median,-0.006830891619072063,-0.10604534371598481,0.08628801229109966,80,80,5,crossed_source_seed_equal_seed_observed_runs_conditional,5000,operator_minus_median_adjusted_aopc,reaggregated,common_stochastic,fixed correct class,1.0,42;43;44;45;46,results/leakage_free_tabular/audit_extensions/study2_dependency_perturbations/operators/ton_iot_binary/mlp/seed_42/shap/operator_aopc_per_flow.csv;results/leakage_free_tabular/audit_extensions/study2_dependency_perturbations/operators/ton_iot_binary/mlp/seed_43/shap/operator_aopc_per_flow.csv;results/leakage_free_tabular/audit_extensions/study2_dependency_perturbations/operators/ton_iot_binary/mlp/seed_44/shap/operator_aopc_per_flow.csv;results/leakage_free_tabular/audit_extensions/study2_dependency_perturbations/operators/ton_iot_binary/mlp/seed_45/shap/operator_aopc_per_flow.csv;results/leakage_free_tabular/audit_extensions/study2_dependency_perturbations/operators/ton_iot_binary/mlp/seed_46/shap/operator_aopc_per_flow.csv,paired source/seed; observed draws only
ton_iot_binary,mlp,shap,deletion,joint_donor,training_median,-0.02750256567902773,-0.10553806648939777,0.05883864953530481,80,80,5,crossed_source_seed_equal_seed_observed_runs_conditional,5000,operator_minus_median_adjusted_aopc,reaggregated,common_stochastic,fixed correct class,1.0,42;43;44;45;46,results/leakage_free_tabular/audit_extensions/study2_dependency_perturbations/operators/ton_iot_binary/mlp/seed_42/shap/operator_aopc_per_flow.csv;results/leakage_free_tabular/audit_extensions/study2_dependency_perturbations/operators/ton_iot_binary/mlp/seed_43/shap/operator_aopc_per_flow.csv;results/leakage_free_tabular/audit_extensions/study2_dependency_perturbations/operators/ton_iot_binary/mlp/seed_44/shap/operator_aopc_per_flow.csv;results/leakage_free_tabular/audit_extensions/study2_dependency_perturbations/operators/ton_iot_binary/mlp/seed_45/shap/operator_aopc_per_flow.csv;results/leakage_free_tabular/audit_extensions/study2_dependency_perturbations/operators/ton_iot_binary/mlp/seed_46/shap/operator_aopc_per_flow.csv,paired source/seed; observed draws only
ton_iot_binary,mlp,shap,insertion,conditional_gaussian_mean,training_median,-0.16567332039417265,-0.22117344369838937,-0.10726558933829555,80,80,5,crossed_source_seed_equal_seed_observed_runs_conditional,5000,operator_minus_median_adjusted_aopc,reaggregated,common_stochastic,fixed correct class,1.0,42;43;44;45;46,results/leakage_free_tabular/audit_extensions/study2_dependency_perturbations/operators/ton_iot_binary/mlp/seed_42/shap/operator_aopc_per_flow.csv;results/leakage_free_tabular/audit_extensions/study2_dependency_perturbations/operators/ton_iot_binary/mlp/seed_43/shap/operator_aopc_per_flow.csv;results/leakage_free_tabular/audit_extensions/study2_dependency_perturbations/operators/ton_iot_binary/mlp/seed_44/shap/operator_aopc_per_flow.csv;results/leakage_free_tabular/audit_extensions/study2_dependency_perturbations/operators/ton_iot_binary/mlp/seed_45/shap/operator_aopc_per_flow.csv;results/leakage_free_tabular/audit_extensions/study2_dependency_perturbations/operators/ton_iot_binary/mlp/seed_46/shap/operator_aopc_per_flow.csv,paired source/seed; observed draws only
ton_iot_binary,mlp,shap,insertion,joint_donor,training_median,-0.019314426226442326,-0.0802352851604496,0.03507226249797886,80,80,5,crossed_source_seed_equal_seed_observed_runs_conditional,5000,operator_minus_median_adjusted_aopc,reaggregated,common_stochastic,fixed correct class,1.0,42;43;44;45;46,results/leakage_free_tabular/audit_extensions/study2_dependency_perturbations/operators/ton_iot_binary/mlp/seed_42/shap/operator_aopc_per_flow.csv;results/leakage_free_tabular/audit_extensions/study2_dependency_perturbations/operators/ton_iot_binary/mlp/seed_43/shap/operator_aopc_per_flow.csv;results/leakage_free_tabular/audit_extensions/study2_dependency_perturbations/operators/ton_iot_binary/mlp/seed_44/shap/operator_aopc_per_flow.csv;results/leakage_free_tabular/audit_extensions/study2_dependency_perturbations/operators/ton_iot_binary/mlp/seed_45/shap/operator_aopc_per_flow.csv;results/leakage_free_tabular/audit_extensions/study2_dependency_perturbations/operators/ton_iot_binary/mlp/seed_46/shap/operator_aopc_per_flow.csv,paired source/seed; observed draws only
