task_id,model,method,functional_check,evaluator,estimate,ci_low,ci_high,n_duplicate_groups,n_seeds,interval_status,pairs,scope,estimand,n_unique_sources,n_valid_bootstrap
cicids2017_binary,cnn,gradient_x_input,deletion,target_class_median,0.22695608491262273,,,3,3,not estimated: fewer than 20 total pairs or fewer than five seeds,3,exploratory seed x connected-source-component interval; shared sources never split; no causal effect,"FP-minus-TP matched-random-adjusted response, fixed attack target in observed common score support",,
cicids2017_binary,cnn,gradient_x_input,deletion,training_median,0.054537804920062,,,3,3,not estimated: fewer than 20 total pairs or fewer than five seeds,3,exploratory seed x connected-source-component interval; shared sources never split; no causal effect,"FP-minus-TP matched-random-adjusted response, fixed attack target in observed common score support",,
cicids2017_binary,cnn,gradient_x_input,insertion,target_class_median,0.20338056391964365,,,3,3,not estimated: fewer than 20 total pairs or fewer than five seeds,3,exploratory seed x connected-source-component interval; shared sources never split; no causal effect,"FP-minus-TP matched-random-adjusted response, fixed attack target in observed common score support",,
cicids2017_binary,cnn,gradient_x_input,insertion,training_median,-0.05830093881441383,,,3,3,not estimated: fewer than 20 total pairs or fewer than five seeds,3,exploratory seed x connected-source-component interval; shared sources never split; no causal effect,"FP-minus-TP matched-random-adjusted response, fixed attack target in observed common score support",,
cicids2017_binary,cnn,integrated_gradients,deletion,target_class_median,0.08054284079576635,,,3,3,not estimated: fewer than 20 total pairs or fewer than five seeds,3,exploratory seed x connected-source-component interval; shared sources never split; no causal effect,"FP-minus-TP matched-random-adjusted response, fixed attack target in observed common score support",,
cicids2017_binary,cnn,integrated_gradients,deletion,training_median,0.022551940807528426,,,3,3,not estimated: fewer than 20 total pairs or fewer than five seeds,3,exploratory seed x connected-source-component interval; shared sources never split; no causal effect,"FP-minus-TP matched-random-adjusted response, fixed attack target in observed common score support",,
cicids2017_binary,cnn,integrated_gradients,insertion,target_class_median,-0.018814583449707073,,,3,3,not estimated: fewer than 20 total pairs or fewer than five seeds,3,exploratory seed x connected-source-component interval; shared sources never split; no causal effect,"FP-minus-TP matched-random-adjusted response, fixed attack target in observed common score support",,
cicids2017_binary,cnn,integrated_gradients,insertion,training_median,-0.09379332811000456,,,3,3,not estimated: fewer than 20 total pairs or fewer than five seeds,3,exploratory seed x connected-source-component interval; shared sources never split; no causal effect,"FP-minus-TP matched-random-adjusted response, fixed attack target in observed common score support",,
cicids2017_binary,cnn,occlusion,deletion,target_class_median,0.04468336942996537,,,3,3,not estimated: fewer than 20 total pairs or fewer than five seeds,3,exploratory seed x connected-source-component interval; shared sources never split; no causal effect,"FP-minus-TP matched-random-adjusted response, fixed attack target in observed common score support",,
cicids2017_binary,cnn,occlusion,deletion,training_median,0.0419173101825244,,,3,3,not estimated: fewer than 20 total pairs or fewer than five seeds,3,exploratory seed x connected-source-component interval; shared sources never split; no causal effect,"FP-minus-TP matched-random-adjusted response, fixed attack target in observed common score support",,
cicids2017_binary,cnn,occlusion,insertion,target_class_median,-0.03429803547443141,,,3,3,not estimated: fewer than 20 total pairs or fewer than five seeds,3,exploratory seed x connected-source-component interval; shared sources never split; no causal effect,"FP-minus-TP matched-random-adjusted response, fixed attack target in observed common score support",,
cicids2017_binary,cnn,occlusion,insertion,training_median,-0.07106742218203264,,,3,3,not estimated: fewer than 20 total pairs or fewer than five seeds,3,exploratory seed x connected-source-component interval; shared sources never split; no causal effect,"FP-minus-TP matched-random-adjusted response, fixed attack target in observed common score support",,
cicids2017_binary,mlp,gradient_x_input,deletion,target_class_median,0.07049110527131731,,,9,5,not estimated: fewer than 20 total pairs or fewer than five seeds,10,exploratory seed x connected-source-component interval; shared sources never split; no causal effect,"FP-minus-TP matched-random-adjusted response, fixed attack target in observed common score support",,
cicids2017_binary,mlp,gradient_x_input,deletion,training_median,0.06289726297005054,,,9,5,not estimated: fewer than 20 total pairs or fewer than five seeds,10,exploratory seed x connected-source-component interval; shared sources never split; no causal effect,"FP-minus-TP matched-random-adjusted response, fixed attack target in observed common score support",,
cicids2017_binary,mlp,gradient_x_input,insertion,target_class_median,0.051027020107863606,,,9,5,not estimated: fewer than 20 total pairs or fewer than five seeds,10,exploratory seed x connected-source-component interval; shared sources never split; no causal effect,"FP-minus-TP matched-random-adjusted response, fixed attack target in observed common score support",,
cicids2017_binary,mlp,gradient_x_input,insertion,training_median,0.06262569301488839,,,9,5,not estimated: fewer than 20 total pairs or fewer than five seeds,10,exploratory seed x connected-source-component interval; shared sources never split; no causal effect,"FP-minus-TP matched-random-adjusted response, fixed attack target in observed common score support",,
cicids2017_binary,mlp,integrated_gradients,deletion,target_class_median,0.09854199004306122,,,9,5,not estimated: fewer than 20 total pairs or fewer than five seeds,10,exploratory seed x connected-source-component interval; shared sources never split; no causal effect,"FP-minus-TP matched-random-adjusted response, fixed attack target in observed common score support",,
cicids2017_binary,mlp,integrated_gradients,deletion,training_median,0.01998170554357525,,,9,5,not estimated: fewer than 20 total pairs or fewer than five seeds,10,exploratory seed x connected-source-component interval; shared sources never split; no causal effect,"FP-minus-TP matched-random-adjusted response, fixed attack target in observed common score support",,
cicids2017_binary,mlp,integrated_gradients,insertion,target_class_median,0.11832920578639279,,,9,5,not estimated: fewer than 20 total pairs or fewer than five seeds,10,exploratory seed x connected-source-component interval; shared sources never split; no causal effect,"FP-minus-TP matched-random-adjusted response, fixed attack target in observed common score support",,
cicids2017_binary,mlp,integrated_gradients,insertion,training_median,0.053298862372686884,,,9,5,not estimated: fewer than 20 total pairs or fewer than five seeds,10,exploratory seed x connected-source-component interval; shared sources never split; no causal effect,"FP-minus-TP matched-random-adjusted response, fixed attack target in observed common score support",,
cicids2017_binary,mlp,occlusion,deletion,target_class_median,0.09157679431310486,,,9,5,not estimated: fewer than 20 total pairs or fewer than five seeds,10,exploratory seed x connected-source-component interval; shared sources never split; no causal effect,"FP-minus-TP matched-random-adjusted response, fixed attack target in observed common score support",,
cicids2017_binary,mlp,occlusion,deletion,training_median,0.028345515437745626,,,9,5,not estimated: fewer than 20 total pairs or fewer than five seeds,10,exploratory seed x connected-source-component interval; shared sources never split; no causal effect,"FP-minus-TP matched-random-adjusted response, fixed attack target in observed common score support",,
cicids2017_binary,mlp,occlusion,insertion,target_class_median,0.0919556431911332,,,9,5,not estimated: fewer than 20 total pairs or fewer than five seeds,10,exploratory seed x connected-source-component interval; shared sources never split; no causal effect,"FP-minus-TP matched-random-adjusted response, fixed attack target in observed common score support",,
cicids2017_binary,mlp,occlusion,insertion,training_median,0.02779323275168689,,,9,5,not estimated: fewer than 20 total pairs or fewer than five seeds,10,exploratory seed x connected-source-component interval; shared sources never split; no causal effect,"FP-minus-TP matched-random-adjusted response, fixed attack target in observed common score support",,
ton_iot_binary,cnn,gradient_x_input,deletion,target_class_median,-0.00608107072867978,-0.040478785203705445,0.028877389044814458,122,5,exploratory marginal interval,138,exploratory seed x connected-source-component interval; shared sources never split; no causal effect,"FP-minus-TP matched-random-adjusted response, fixed attack target in observed common score support",138.0,5000.0
ton_iot_binary,cnn,gradient_x_input,deletion,training_median,0.012448543237746518,-0.05287438439197666,0.07629121080696308,122,5,exploratory marginal interval,138,exploratory seed x connected-source-component interval; shared sources never split; no causal effect,"FP-minus-TP matched-random-adjusted response, fixed attack target in observed common score support",138.0,5000.0
ton_iot_binary,cnn,gradient_x_input,insertion,target_class_median,-0.02722672193628901,-0.088817327983449,0.03490707769479443,122,5,exploratory marginal interval,138,exploratory seed x connected-source-component interval; shared sources never split; no causal effect,"FP-minus-TP matched-random-adjusted response, fixed attack target in observed common score support",138.0,5000.0
ton_iot_binary,cnn,gradient_x_input,insertion,training_median,-0.021300106845754074,-0.08393253562421399,0.048059974353745906,122,5,exploratory marginal interval,138,exploratory seed x connected-source-component interval; shared sources never split; no causal effect,"FP-minus-TP matched-random-adjusted response, fixed attack target in observed common score support",138.0,5000.0
ton_iot_binary,cnn,integrated_gradients,deletion,target_class_median,-0.0022101419702940123,-0.04123252452382897,0.03944169198971085,122,5,exploratory marginal interval,138,exploratory seed x connected-source-component interval; shared sources never split; no causal effect,"FP-minus-TP matched-random-adjusted response, fixed attack target in observed common score support",138.0,5000.0
ton_iot_binary,cnn,integrated_gradients,deletion,training_median,-0.002774534193499769,-0.03597226194938742,0.030754187414019057,122,5,exploratory marginal interval,138,exploratory seed x connected-source-component interval; shared sources never split; no causal effect,"FP-minus-TP matched-random-adjusted response, fixed attack target in observed common score support",138.0,5000.0
ton_iot_binary,cnn,integrated_gradients,insertion,target_class_median,-0.02230606586523245,-0.0778425524090639,0.03403200613329064,122,5,exploratory marginal interval,138,exploratory seed x connected-source-component interval; shared sources never split; no causal effect,"FP-minus-TP matched-random-adjusted response, fixed attack target in observed common score support",138.0,5000.0
ton_iot_binary,cnn,integrated_gradients,insertion,training_median,-0.000733708342112016,-0.029951899811197533,0.027029836544780847,122,5,exploratory marginal interval,138,exploratory seed x connected-source-component interval; shared sources never split; no causal effect,"FP-minus-TP matched-random-adjusted response, fixed attack target in observed common score support",138.0,5000.0
ton_iot_binary,cnn,occlusion,deletion,target_class_median,0.002517401622144877,-0.04047668973339528,0.04479304850535708,122,5,exploratory marginal interval,138,exploratory seed x connected-source-component interval; shared sources never split; no causal effect,"FP-minus-TP matched-random-adjusted response, fixed attack target in observed common score support",138.0,5000.0
ton_iot_binary,cnn,occlusion,deletion,training_median,-0.0045520812718338344,-0.040819678358691235,0.03424666145680707,122,5,exploratory marginal interval,138,exploratory seed x connected-source-component interval; shared sources never split; no causal effect,"FP-minus-TP matched-random-adjusted response, fixed attack target in observed common score support",138.0,5000.0
ton_iot_binary,cnn,occlusion,insertion,target_class_median,-0.0020475530182208017,-0.05062596842760682,0.04691810836180747,122,5,exploratory marginal interval,138,exploratory seed x connected-source-component interval; shared sources never split; no causal effect,"FP-minus-TP matched-random-adjusted response, fixed attack target in observed common score support",138.0,5000.0
ton_iot_binary,cnn,occlusion,insertion,training_median,-0.009619376689055865,-0.035855945492454466,0.014763383194919776,122,5,exploratory marginal interval,138,exploratory seed x connected-source-component interval; shared sources never split; no causal effect,"FP-minus-TP matched-random-adjusted response, fixed attack target in observed common score support",138.0,5000.0
ton_iot_binary,mlp,gradient_x_input,deletion,target_class_median,-0.01150702393285722,-0.05159442138320547,0.027513706304637252,116,5,exploratory marginal interval,129,exploratory seed x connected-source-component interval; shared sources never split; no causal effect,"FP-minus-TP matched-random-adjusted response, fixed attack target in observed common score support",129.0,5000.0
ton_iot_binary,mlp,gradient_x_input,deletion,training_median,0.006979419904508771,-0.03689011797443327,0.052756758772052784,116,5,exploratory marginal interval,129,exploratory seed x connected-source-component interval; shared sources never split; no causal effect,"FP-minus-TP matched-random-adjusted response, fixed attack target in observed common score support",129.0,5000.0
ton_iot_binary,mlp,gradient_x_input,insertion,target_class_median,0.008452441936668094,-0.041075110833769815,0.058068556629435164,116,5,exploratory marginal interval,129,exploratory seed x connected-source-component interval; shared sources never split; no causal effect,"FP-minus-TP matched-random-adjusted response, fixed attack target in observed common score support",129.0,5000.0
ton_iot_binary,mlp,gradient_x_input,insertion,training_median,0.019244034255045457,-0.028249986530919036,0.0696791835436903,116,5,exploratory marginal interval,129,exploratory seed x connected-source-component interval; shared sources never split; no causal effect,"FP-minus-TP matched-random-adjusted response, fixed attack target in observed common score support",129.0,5000.0
ton_iot_binary,mlp,integrated_gradients,deletion,target_class_median,0.0015351152216712919,-0.053003341591884495,0.05272006750197291,116,5,exploratory marginal interval,129,exploratory seed x connected-source-component interval; shared sources never split; no causal effect,"FP-minus-TP matched-random-adjusted response, fixed attack target in observed common score support",129.0,5000.0
ton_iot_binary,mlp,integrated_gradients,deletion,training_median,0.01037487631649235,-0.016701356453705657,0.03920322149246069,116,5,exploratory marginal interval,129,exploratory seed x connected-source-component interval; shared sources never split; no causal effect,"FP-minus-TP matched-random-adjusted response, fixed attack target in observed common score support",129.0,5000.0
ton_iot_binary,mlp,integrated_gradients,insertion,target_class_median,-0.004875002601443461,-0.07318428754881531,0.07402100758928344,116,5,exploratory marginal interval,129,exploratory seed x connected-source-component interval; shared sources never split; no causal effect,"FP-minus-TP matched-random-adjusted response, fixed attack target in observed common score support",129.0,5000.0
ton_iot_binary,mlp,integrated_gradients,insertion,training_median,0.0025332002744871164,-0.03444622730980019,0.036557649675554776,116,5,exploratory marginal interval,129,exploratory seed x connected-source-component interval; shared sources never split; no causal effect,"FP-minus-TP matched-random-adjusted response, fixed attack target in observed common score support",129.0,5000.0
ton_iot_binary,mlp,occlusion,deletion,target_class_median,-0.02224270494164495,-0.08090411277491039,0.032802840560935846,116,5,exploratory marginal interval,129,exploratory seed x connected-source-component interval; shared sources never split; no causal effect,"FP-minus-TP matched-random-adjusted response, fixed attack target in observed common score support",129.0,5000.0
ton_iot_binary,mlp,occlusion,deletion,training_median,-0.0012051254608264211,-0.027245765017221313,0.027498734643460126,116,5,exploratory marginal interval,129,exploratory seed x connected-source-component interval; shared sources never split; no causal effect,"FP-minus-TP matched-random-adjusted response, fixed attack target in observed common score support",129.0,5000.0
ton_iot_binary,mlp,occlusion,insertion,target_class_median,-0.01266286650747107,-0.08379886363775392,0.061905921244525416,116,5,exploratory marginal interval,129,exploratory seed x connected-source-component interval; shared sources never split; no causal effect,"FP-minus-TP matched-random-adjusted response, fixed attack target in observed common score support",129.0,5000.0
ton_iot_binary,mlp,occlusion,insertion,training_median,-0.015793146247387372,-0.04546003547730229,0.011805119728603625,116,5,exploratory marginal interval,129,exploratory seed x connected-source-component interval; shared sources never split; no causal effect,"FP-minus-TP matched-random-adjusted response, fixed attack target in observed common score support",129.0,5000.0
