method,baseline_max_absolute_difference
gradient_x_input,5.07333736757265e-08
integrated_gradients,5.43841609107476e-08
occlusion,1.447663526277232e-07
lime,7.065530244210194e-08
shap,8.183336204503622e-08
gradient_x_input,6.844002497369273e-08
integrated_gradients,6.656545877004039e-08
occlusion,9.348904136952108e-08
lime,8.429202498494437e-08
shap,7.550017822044452e-08
gradient_x_input,4.8634480609432984e-08
integrated_gradients,1.288665152088253e-07
occlusion,7.169743775070625e-08
lime,3.9116454242371645e-08
shap,9.755547836221012e-08
gradient_x_input,9.840974934949287e-08
integrated_gradients,1.1513154649089863e-07
occlusion,1.9758334704467195e-07
lime,7.95675441089827e-08
shap,9.020790459057793e-08
gradient_x_input,9.338305691219961e-08
integrated_gradients,6.904669999641122e-08
occlusion,1.53757508836172e-07
lime,7.185476688653658e-08
shap,5.2195326671888864e-08
gradient_x_input,4.183272406255156e-08
integrated_gradients,3.618847729813801e-08
occlusion,2.7310967265492536e-08
lime,3.5586965652090186e-08
shap,6.751342013222583e-08
gradient_x_input,3.437653278703934e-08
integrated_gradients,1.7987665211494086e-08
occlusion,9.39406545885646e-08
lime,3.6221058000163175e-08
shap,1.7781056155241615e-08
gradient_x_input,1.5032383171575958e-08
integrated_gradients,3.567173667562429e-08
occlusion,7.490560444134431e-08
lime,9.337028494815769e-08
shap,4.27605146846588e-08
gradient_x_input,2.933097842383603e-08
integrated_gradients,2.9743474447285756e-08
occlusion,3.0782551396768554e-08
lime,4.890382909739088e-08
shap,2.9593143879846906e-08
gradient_x_input,2.0653812826676443e-08
integrated_gradients,1.7184356274763113e-08
occlusion,2.2938018262586013e-08
lime,3.2602826847971667e-08
shap,3.348696914901028e-08
gradient_x_input,1.855346907497779e-07
integrated_gradients,2.6180328888125715e-07
occlusion,2.8430706809634554e-07
lime,3.554389113868961e-07
shap,2.5437659731397666e-07
gradient_x_input,2.0745299079017593e-07
integrated_gradients,2.1182625770110874e-07
occlusion,1.7359480256051718e-07
lime,2.4658137232069777e-07
shap,3.806675873407883e-07
gradient_x_input,1.3711194331777685e-07
integrated_gradients,2.1493750151924118e-07
occlusion,2.6480161774422584e-07
lime,2.3563362985812297e-07
shap,1.3446929342242342e-07
gradient_x_input,2.2906126573296604e-07
integrated_gradients,3.061713360341667e-07
occlusion,3.124489149144982e-07
lime,3.3258872652458527e-07
shap,2.086853945204581e-07
gradient_x_input,2.0076690263742814e-07
integrated_gradients,2.2557455725547015e-07
occlusion,4.399235049856731e-07
lime,2.0126268646114553e-07
shap,1.4595589721555502e-07
gradient_x_input,5.595339899744367e-08
integrated_gradients,9.44315098894144e-08
occlusion,7.570379528809568e-08
lime,1.0231975464125576e-07
shap,9.130601236195801e-08
gradient_x_input,6.191632012653159e-08
integrated_gradients,3.348760935217854e-08
occlusion,4.287367370847672e-08
lime,9.102845796582493e-08
shap,5.238689483773318e-08
gradient_x_input,4.246104346600221e-08
integrated_gradients,3.227484919599011e-08
occlusion,4.476735582237268e-08
lime,1.1748138173048317e-07
shap,4.893220642565588e-08
gradient_x_input,4.897689753757817e-08
integrated_gradients,6.538186714255545e-08
occlusion,5.426069718539317e-08
lime,3.2288953719095126e-08
shap,5.069375039190582e-08
gradient_x_input,4.437874071006043e-08
integrated_gradients,7.240174358658091e-08
occlusion,6.50147974710219e-08
lime,6.257910004081602e-08
shap,4.619150317797249e-08
