task_id,model,seed,steps,max_absolute_attribution_difference,records
cicids2017_binary,mlp,42,64,0.0,16
cicids2017_binary,mlp,43,64,4.547473508864641e-13,16
cicids2017_binary,mlp,44,64,0.0,16
cicids2017_binary,mlp,45,64,0.0,16
cicids2017_binary,mlp,46,64,0.0,16
cicids2017_binary,cnn,42,64,5.551115123125783e-17,16
cicids2017_binary,cnn,43,64,0.0,16
cicids2017_binary,cnn,44,64,0.0,16
cicids2017_binary,cnn,45,64,8.881784197001252e-16,16
cicids2017_binary,cnn,46,64,0.0,16
ton_iot_binary,mlp,42,64,8.940696716308594e-08,16
ton_iot_binary,mlp,43,64,2.9802322387695312e-08,16
ton_iot_binary,mlp,44,64,1.7881393432617188e-07,16
ton_iot_binary,mlp,45,64,1.1920928955078125e-07,16
ton_iot_binary,mlp,46,64,1.1920928955078125e-07,16
ton_iot_binary,cnn,42,64,1.430511474609375e-06,16
ton_iot_binary,cnn,43,64,2.980232238769531e-07,16
ton_iot_binary,cnn,44,64,9.5367431640625e-07,16
ton_iot_binary,cnn,45,64,1.6689300537109375e-06,16
ton_iot_binary,cnn,46,64,1.0728836059570312e-06,16
