task_id,model,steps,records,median,p95,maximum,above_tolerance
cicids2017_binary,cnn,64,80,0.0033797017751152998,0.04050268746063698,0.0660770739428642,35
cicids2017_binary,cnn,128,80,0.0012988415858732,0.0257427931445455,0.0549146110154303,18
cicids2017_binary,cnn,256,80,0.00086534419642875,0.013346508537143469,0.0246089084551872,9
cicids2017_binary,cnn,512,64,0.00033501074820024997,0.005399936511588862,0.0066201107016503,0
cicids2017_binary,mlp,64,80,0.00229505432643925,0.03182134739445807,0.0786814682344925,26
cicids2017_binary,mlp,128,80,0.0019602093907087,0.014031511014182567,0.0273714542028216,9
cicids2017_binary,mlp,256,80,0.0006721208210145,0.008856936541794204,0.0182941784413044,4
cicids2017_binary,mlp,512,32,0.00032907116883435005,0.0062625374104701035,0.0099424118422088,0
ton_iot_binary,cnn,64,80,0.0069540921256279,0.22007036190827645,0.6000399429924571,36
ton_iot_binary,cnn,128,80,0.00393572356482265,0.06868718901690651,0.1416583065554655,30
ton_iot_binary,cnn,256,80,0.0028331854017653,0.03436599983243882,0.0803706767243324,14
ton_iot_binary,cnn,512,80,0.00124890566478425,0.022513269768220722,0.0388929333823995,11
ton_iot_binary,cnn,1024,80,0.00036592689502525,0.006608898827403794,0.0107844550408682,1
ton_iot_binary,cnn,2048,16,0.0001182886922248,0.0007231536223032,0.0013553557484775,0
ton_iot_binary,mlp,64,80,0.005623547404204499,0.05897925526651909,0.0892320929058778,29
ton_iot_binary,mlp,128,80,0.00328565926938885,0.020783585828989617,0.0607489505934566,12
ton_iot_binary,mlp,256,80,0.0010725376810950499,0.010581245724331518,0.0232947109175354,5
ton_iot_binary,mlp,512,64,0.0008479191443041001,0.005533156133076585,0.0322498415494324,1
ton_iot_binary,mlp,1024,16,0.00036833099860409996,0.00605058448462785,0.0091180723692063,0
