task_id,model,method,fraction,k,records,nonidentifiable,fraction_nonidentifiable,constant_accounts
cicids2017_binary,cnn,gradient_x_input,0.05,4,80,46,0.575,44
cicids2017_binary,cnn,gradient_x_input,0.1,8,80,45,0.5625,44
cicids2017_binary,cnn,gradient_x_input,0.2,16,80,46,0.575,44
cicids2017_binary,cnn,gradient_x_input,0.3,24,80,47,0.5875,44
cicids2017_binary,cnn,gradient_x_input,0.5,40,80,51,0.6375,44
cicids2017_binary,cnn,integrated_gradients,0.05,4,80,0,0.0,0
cicids2017_binary,cnn,integrated_gradients,0.1,8,80,0,0.0,0
cicids2017_binary,cnn,integrated_gradients,0.2,16,80,0,0.0,0
cicids2017_binary,cnn,integrated_gradients,0.3,24,80,0,0.0,0
cicids2017_binary,cnn,integrated_gradients,0.5,40,80,12,0.15,0
cicids2017_binary,cnn,lime,0.05,4,80,0,0.0,0
cicids2017_binary,cnn,lime,0.1,8,80,0,0.0,0
cicids2017_binary,cnn,lime,0.2,16,80,0,0.0,0
cicids2017_binary,cnn,lime,0.3,24,80,0,0.0,0
cicids2017_binary,cnn,lime,0.5,40,80,0,0.0,0
cicids2017_binary,cnn,occlusion,0.05,4,80,36,0.45,16
cicids2017_binary,cnn,occlusion,0.1,8,80,43,0.5375,16
cicids2017_binary,cnn,occlusion,0.2,16,80,48,0.6,16
cicids2017_binary,cnn,occlusion,0.3,24,80,52,0.65,16
cicids2017_binary,cnn,occlusion,0.5,40,80,73,0.9125,16
cicids2017_binary,cnn,shap,0.05,4,80,20,0.25,14
cicids2017_binary,cnn,shap,0.1,8,80,23,0.2875,14
cicids2017_binary,cnn,shap,0.2,16,80,80,1.0,14
cicids2017_binary,cnn,shap,0.3,24,80,80,1.0,14
cicids2017_binary,cnn,shap,0.5,40,80,80,1.0,14
cicids2017_binary,mlp,gradient_x_input,0.05,4,80,40,0.5,40
cicids2017_binary,mlp,gradient_x_input,0.1,8,80,41,0.5125,40
cicids2017_binary,mlp,gradient_x_input,0.2,16,80,41,0.5125,40
cicids2017_binary,mlp,gradient_x_input,0.3,24,80,41,0.5125,40
cicids2017_binary,mlp,gradient_x_input,0.5,40,80,42,0.525,40
cicids2017_binary,mlp,integrated_gradients,0.05,4,80,0,0.0,0
cicids2017_binary,mlp,integrated_gradients,0.1,8,80,0,0.0,0
cicids2017_binary,mlp,integrated_gradients,0.2,16,80,0,0.0,0
cicids2017_binary,mlp,integrated_gradients,0.3,24,80,0,0.0,0
cicids2017_binary,mlp,integrated_gradients,0.5,40,80,15,0.1875,0
cicids2017_binary,mlp,lime,0.05,4,80,0,0.0,0
cicids2017_binary,mlp,lime,0.1,8,80,0,0.0,0
cicids2017_binary,mlp,lime,0.2,16,80,0,0.0,0
cicids2017_binary,mlp,lime,0.3,24,80,0,0.0,0
cicids2017_binary,mlp,lime,0.5,40,80,0,0.0,0
cicids2017_binary,mlp,occlusion,0.05,4,80,35,0.4375,24
cicids2017_binary,mlp,occlusion,0.1,8,80,40,0.5,24
cicids2017_binary,mlp,occlusion,0.2,16,80,42,0.525,24
cicids2017_binary,mlp,occlusion,0.3,24,80,43,0.5375,24
cicids2017_binary,mlp,occlusion,0.5,40,80,62,0.775,24
cicids2017_binary,mlp,shap,0.05,4,80,10,0.125,0
cicids2017_binary,mlp,shap,0.1,8,80,17,0.2125,0
cicids2017_binary,mlp,shap,0.2,16,80,80,1.0,0
cicids2017_binary,mlp,shap,0.3,24,80,80,1.0,0
cicids2017_binary,mlp,shap,0.5,40,80,80,1.0,0
ton_iot_binary,cnn,gradient_x_input,0.05,2,80,1,0.0125,1
ton_iot_binary,cnn,gradient_x_input,0.1,4,80,1,0.0125,1
ton_iot_binary,cnn,gradient_x_input,0.2,8,80,1,0.0125,1
ton_iot_binary,cnn,gradient_x_input,0.3,12,80,2,0.025,1
ton_iot_binary,cnn,gradient_x_input,0.5,20,80,1,0.0125,1
ton_iot_binary,cnn,integrated_gradients,0.05,2,80,0,0.0,0
ton_iot_binary,cnn,integrated_gradients,0.1,4,80,0,0.0,0
ton_iot_binary,cnn,integrated_gradients,0.2,8,80,0,0.0,0
ton_iot_binary,cnn,integrated_gradients,0.3,12,80,36,0.45,0
ton_iot_binary,cnn,integrated_gradients,0.5,20,80,53,0.6625,0
ton_iot_binary,cnn,lime,0.05,2,80,0,0.0,0
ton_iot_binary,cnn,lime,0.1,4,80,0,0.0,0
ton_iot_binary,cnn,lime,0.2,8,80,0,0.0,0
ton_iot_binary,cnn,lime,0.3,12,80,0,0.0,0
ton_iot_binary,cnn,lime,0.5,20,80,0,0.0,0
ton_iot_binary,cnn,occlusion,0.05,2,80,0,0.0,0
ton_iot_binary,cnn,occlusion,0.1,4,80,0,0.0,0
ton_iot_binary,cnn,occlusion,0.2,8,80,7,0.0875,0
ton_iot_binary,cnn,occlusion,0.3,12,80,36,0.45,0
ton_iot_binary,cnn,occlusion,0.5,20,80,61,0.7625,0
ton_iot_binary,cnn,shap,0.05,2,80,0,0.0,0
ton_iot_binary,cnn,shap,0.1,4,80,0,0.0,0
ton_iot_binary,cnn,shap,0.2,8,80,36,0.45,0
ton_iot_binary,cnn,shap,0.3,12,80,80,1.0,0
ton_iot_binary,cnn,shap,0.5,20,80,80,1.0,0
ton_iot_binary,mlp,gradient_x_input,0.05,2,80,7,0.0875,7
ton_iot_binary,mlp,gradient_x_input,0.1,4,80,7,0.0875,7
ton_iot_binary,mlp,gradient_x_input,0.2,8,80,7,0.0875,7
ton_iot_binary,mlp,gradient_x_input,0.3,12,80,7,0.0875,7
ton_iot_binary,mlp,gradient_x_input,0.5,20,80,8,0.1,7
ton_iot_binary,mlp,integrated_gradients,0.05,2,80,0,0.0,0
ton_iot_binary,mlp,integrated_gradients,0.1,4,80,0,0.0,0
ton_iot_binary,mlp,integrated_gradients,0.2,8,80,0,0.0,0
ton_iot_binary,mlp,integrated_gradients,0.3,12,80,36,0.45,0
ton_iot_binary,mlp,integrated_gradients,0.5,20,80,53,0.6625,0
ton_iot_binary,mlp,lime,0.05,2,80,0,0.0,0
ton_iot_binary,mlp,lime,0.1,4,80,0,0.0,0
ton_iot_binary,mlp,lime,0.2,8,80,0,0.0,0
ton_iot_binary,mlp,lime,0.3,12,80,0,0.0,0
ton_iot_binary,mlp,lime,0.5,20,80,0,0.0,0
ton_iot_binary,mlp,occlusion,0.05,2,80,0,0.0,0
ton_iot_binary,mlp,occlusion,0.1,4,80,7,0.0875,0
ton_iot_binary,mlp,occlusion,0.2,8,80,22,0.275,0
ton_iot_binary,mlp,occlusion,0.3,12,80,40,0.5,0
ton_iot_binary,mlp,occlusion,0.5,20,80,65,0.8125,0
ton_iot_binary,mlp,shap,0.05,2,80,0,0.0,0
ton_iot_binary,mlp,shap,0.1,4,80,0,0.0,0
ton_iot_binary,mlp,shap,0.2,8,80,27,0.3375,0
ton_iot_binary,mlp,shap,0.3,12,80,80,1.0,0
ton_iot_binary,mlp,shap,0.5,20,80,80,1.0,0
