task_id,model,method,functional_check,variant,operator,estimate,ci_low,ci_high,n_unique_sources,n_seed_flow_cells,n_seeds,bootstrap_design,n_resamples
cicids2017_binary,cnn,gradient_x_input,deletion,random_0,conditional_gaussian_mean,0.006676297827844883,-0.05132244174920829,0.05261093094629735,80,80,5,crossed_source_seed_equal_seed_observed_runs_conditional,5000
cicids2017_binary,cnn,gradient_x_input,deletion,random_0,joint_donor,0.02184889259337991,-0.02535549266823342,0.07531919647384752,80,80,5,crossed_source_seed_equal_seed_observed_runs_conditional,5000
cicids2017_binary,cnn,gradient_x_input,deletion,random_1,conditional_gaussian_mean,0.019820810512802448,-0.030761437204577444,0.06345934969885823,80,80,5,crossed_source_seed_equal_seed_observed_runs_conditional,5000
cicids2017_binary,cnn,gradient_x_input,deletion,random_1,joint_donor,0.02326549967885725,-0.02308530908947616,0.07585157064930213,80,80,5,crossed_source_seed_equal_seed_observed_runs_conditional,5000
cicids2017_binary,cnn,gradient_x_input,deletion,random_2,conditional_gaussian_mean,-0.0006562220657104406,-0.057756681063739726,0.04964421620140875,80,80,5,crossed_source_seed_equal_seed_observed_runs_conditional,5000
cicids2017_binary,cnn,gradient_x_input,deletion,random_2,joint_donor,0.005952828781275463,-0.043773397939952274,0.06357807598105175,80,80,5,crossed_source_seed_equal_seed_observed_runs_conditional,5000
cicids2017_binary,cnn,gradient_x_input,deletion,reverse,conditional_gaussian_mean,0.0032478923647167425,-0.02518075509073265,0.02362628892010867,80,80,5,crossed_source_seed_equal_seed_observed_runs_conditional,5000
cicids2017_binary,cnn,gradient_x_input,deletion,reverse,joint_donor,-0.03167411425162473,-0.06730306802836111,0.006823167816912639,80,80,5,crossed_source_seed_equal_seed_observed_runs_conditional,5000
cicids2017_binary,cnn,gradient_x_input,deletion,stable,conditional_gaussian_mean,0.03892837069663715,0.0022428647006731443,0.07353296990406247,80,80,5,crossed_source_seed_equal_seed_observed_runs_conditional,5000
cicids2017_binary,cnn,gradient_x_input,deletion,stable,joint_donor,0.004987319677941496,-0.03528883521209413,0.051301756844423285,80,80,5,crossed_source_seed_equal_seed_observed_runs_conditional,5000
cicids2017_binary,cnn,gradient_x_input,insertion,random_0,conditional_gaussian_mean,0.00936921352119473,-0.055691442898519114,0.06619889495337088,80,80,5,crossed_source_seed_equal_seed_observed_runs_conditional,5000
cicids2017_binary,cnn,gradient_x_input,insertion,random_0,joint_donor,0.037899444331667406,-0.029628971256851756,0.10658008125523354,80,80,5,crossed_source_seed_equal_seed_observed_runs_conditional,5000
cicids2017_binary,cnn,gradient_x_input,insertion,random_1,conditional_gaussian_mean,0.019766098000125364,-0.036573365992158054,0.07255271042808428,80,80,5,crossed_source_seed_equal_seed_observed_runs_conditional,5000
cicids2017_binary,cnn,gradient_x_input,insertion,random_1,joint_donor,0.02558103798678233,-0.05393514653773578,0.09767425499137487,80,80,5,crossed_source_seed_equal_seed_observed_runs_conditional,5000
cicids2017_binary,cnn,gradient_x_input,insertion,random_2,conditional_gaussian_mean,0.016709156810928674,-0.04613491587550337,0.08549663188386385,80,80,5,crossed_source_seed_equal_seed_observed_runs_conditional,5000
cicids2017_binary,cnn,gradient_x_input,insertion,random_2,joint_donor,0.05995464202556781,-0.015312678197879692,0.1255694184661142,80,80,5,crossed_source_seed_equal_seed_observed_runs_conditional,5000
cicids2017_binary,cnn,gradient_x_input,insertion,reverse,conditional_gaussian_mean,0.03831434228169578,0.0006748428136426717,0.08145582930245697,80,80,5,crossed_source_seed_equal_seed_observed_runs_conditional,5000
cicids2017_binary,cnn,gradient_x_input,insertion,reverse,joint_donor,0.03597415052828047,-0.0482837337441446,0.11335197868199343,80,80,5,crossed_source_seed_equal_seed_observed_runs_conditional,5000
cicids2017_binary,cnn,gradient_x_input,insertion,stable,conditional_gaussian_mean,0.053950830914707745,0.0029626308757852767,0.12510213487339675,80,80,5,crossed_source_seed_equal_seed_observed_runs_conditional,5000
cicids2017_binary,cnn,gradient_x_input,insertion,stable,joint_donor,0.11885326563947984,0.05334462586249931,0.18680530312341212,80,80,5,crossed_source_seed_equal_seed_observed_runs_conditional,5000
cicids2017_binary,cnn,integrated_gradients,deletion,final_resolution,conditional_gaussian_mean,-0.07423995719756565,-0.11946448257315745,-0.02433163166501952,80,80,5,crossed_source_seed_equal_seed_observed_runs_conditional,5000
cicids2017_binary,cnn,integrated_gradients,deletion,final_resolution,joint_donor,0.08437622414291775,0.012948897104971173,0.15981999396965346,80,80,5,crossed_source_seed_equal_seed_observed_runs_conditional,5000
cicids2017_binary,cnn,integrated_gradients,deletion,random_0,conditional_gaussian_mean,-0.06981266512170939,-0.11275987917954709,-0.02567656875345973,80,80,5,crossed_source_seed_equal_seed_observed_runs_conditional,5000
cicids2017_binary,cnn,integrated_gradients,deletion,random_0,joint_donor,0.08831311255642678,0.02340533908479016,0.15756437750962482,80,80,5,crossed_source_seed_equal_seed_observed_runs_conditional,5000
cicids2017_binary,cnn,integrated_gradients,deletion,random_1,conditional_gaussian_mean,-0.06966170137724641,-0.11467022037203421,-0.026482786180481995,80,80,5,crossed_source_seed_equal_seed_observed_runs_conditional,5000
cicids2017_binary,cnn,integrated_gradients,deletion,random_1,joint_donor,0.08862533582880956,0.025514865328996234,0.15768661422765942,80,80,5,crossed_source_seed_equal_seed_observed_runs_conditional,5000
cicids2017_binary,cnn,integrated_gradients,deletion,random_2,conditional_gaussian_mean,-0.0697176123008266,-0.11231347622647807,-0.025786403636804806,80,80,5,crossed_source_seed_equal_seed_observed_runs_conditional,5000
cicids2017_binary,cnn,integrated_gradients,deletion,random_2,joint_donor,0.08895175244512725,0.024201521957981222,0.1577150557074061,80,80,5,crossed_source_seed_equal_seed_observed_runs_conditional,5000
cicids2017_binary,cnn,integrated_gradients,deletion,reverse,conditional_gaussian_mean,-0.0698341188295698,-0.11414591750320523,-0.025041210279678518,80,80,5,crossed_source_seed_equal_seed_observed_runs_conditional,5000
cicids2017_binary,cnn,integrated_gradients,deletion,reverse,joint_donor,0.08923199970504672,0.026192254199715416,0.1569959406626229,80,80,5,crossed_source_seed_equal_seed_observed_runs_conditional,5000
cicids2017_binary,cnn,integrated_gradients,deletion,stable,conditional_gaussian_mean,-0.06966421907418871,-0.11296198703550014,-0.02601389218103149,80,80,5,crossed_source_seed_equal_seed_observed_runs_conditional,5000
cicids2017_binary,cnn,integrated_gradients,deletion,stable,joint_donor,0.08909319150807335,0.02317683940598564,0.15860348450463,80,80,5,crossed_source_seed_equal_seed_observed_runs_conditional,5000
cicids2017_binary,cnn,integrated_gradients,deletion,steps_128,conditional_gaussian_mean,-0.0703621450392451,-0.11511388438426381,-0.022602528011953074,80,80,5,crossed_source_seed_equal_seed_observed_runs_conditional,5000
cicids2017_binary,cnn,integrated_gradients,deletion,steps_128,joint_donor,0.08751689174125618,0.01660272564509723,0.1657475327106327,80,80,5,crossed_source_seed_equal_seed_observed_runs_conditional,5000
cicids2017_binary,cnn,integrated_gradients,deletion,steps_256,conditional_gaussian_mean,-0.07444364229518363,-0.12031034031233521,-0.025515512570970903,80,80,5,crossed_source_seed_equal_seed_observed_runs_conditional,5000
cicids2017_binary,cnn,integrated_gradients,deletion,steps_256,joint_donor,0.08394947568750492,0.01559236252593625,0.1546781394277625,80,80,5,crossed_source_seed_equal_seed_observed_runs_conditional,5000
cicids2017_binary,cnn,integrated_gradients,insertion,final_resolution,conditional_gaussian_mean,-0.013000062463953693,-0.07094400140560515,0.037836266279391455,80,80,5,crossed_source_seed_equal_seed_observed_runs_conditional,5000
cicids2017_binary,cnn,integrated_gradients,insertion,final_resolution,joint_donor,0.10235981643827008,0.04048787644300463,0.16779351638060125,80,80,5,crossed_source_seed_equal_seed_observed_runs_conditional,5000
cicids2017_binary,cnn,integrated_gradients,insertion,random_0,conditional_gaussian_mean,-0.01935400646257962,-0.07283998149343708,0.03136883554034669,80,80,5,crossed_source_seed_equal_seed_observed_runs_conditional,5000
cicids2017_binary,cnn,integrated_gradients,insertion,random_0,joint_donor,0.09359499774386182,0.037555178945551555,0.14520214733543538,80,80,5,crossed_source_seed_equal_seed_observed_runs_conditional,5000
cicids2017_binary,cnn,integrated_gradients,insertion,random_1,conditional_gaussian_mean,-0.0193540156091715,-0.07314780635272601,0.02874287518399266,80,80,5,crossed_source_seed_equal_seed_observed_runs_conditional,5000
cicids2017_binary,cnn,integrated_gradients,insertion,random_1,joint_donor,0.09337584980867039,0.03537859895247326,0.14379560533137586,80,80,5,crossed_source_seed_equal_seed_observed_runs_conditional,5000
cicids2017_binary,cnn,integrated_gradients,insertion,random_2,conditional_gaussian_mean,-0.019354012915616885,-0.07460301059456359,0.03138141821121831,80,80,5,crossed_source_seed_equal_seed_observed_runs_conditional,5000
cicids2017_binary,cnn,integrated_gradients,insertion,random_2,joint_donor,0.09337305892353062,0.037252839074478225,0.14361478245271828,80,80,5,crossed_source_seed_equal_seed_observed_runs_conditional,5000
cicids2017_binary,cnn,integrated_gradients,insertion,reverse,conditional_gaussian_mean,-0.019354011005269917,-0.07111137420747074,0.029948561651016295,80,80,5,crossed_source_seed_equal_seed_observed_runs_conditional,5000
cicids2017_binary,cnn,integrated_gradients,insertion,reverse,joint_donor,0.09374448439805519,0.04020574689895563,0.14558384712116634,80,80,5,crossed_source_seed_equal_seed_observed_runs_conditional,5000
cicids2017_binary,cnn,integrated_gradients,insertion,stable,conditional_gaussian_mean,-0.019354018316577046,-0.07476379363614417,0.03212041165870999,80,80,5,crossed_source_seed_equal_seed_observed_runs_conditional,5000
cicids2017_binary,cnn,integrated_gradients,insertion,stable,joint_donor,0.09377855562578893,0.04025813975208875,0.14710361753128462,80,80,5,crossed_source_seed_equal_seed_observed_runs_conditional,5000
cicids2017_binary,cnn,integrated_gradients,insertion,steps_128,conditional_gaussian_mean,-0.014203045245881197,-0.07031040976391163,0.03426203152375891,80,80,5,crossed_source_seed_equal_seed_observed_runs_conditional,5000
cicids2017_binary,cnn,integrated_gradients,insertion,steps_128,joint_donor,0.0997448695890656,0.04035515937209547,0.16304081521308392,80,80,5,crossed_source_seed_equal_seed_observed_runs_conditional,5000
cicids2017_binary,cnn,integrated_gradients,insertion,steps_256,conditional_gaussian_mean,-0.010115794076898072,-0.0680659241606959,0.04020964943302634,80,80,5,crossed_source_seed_equal_seed_observed_runs_conditional,5000
cicids2017_binary,cnn,integrated_gradients,insertion,steps_256,joint_donor,0.1017979455756652,0.03800600097921173,0.16785131494446204,80,80,5,crossed_source_seed_equal_seed_observed_runs_conditional,5000
cicids2017_binary,cnn,lime,deletion,random_0,conditional_gaussian_mean,0.0926845914629361,0.0470049760091991,0.14840753539444587,80,80,5,crossed_source_seed_equal_seed_observed_runs_conditional,5000
cicids2017_binary,cnn,lime,deletion,random_0,joint_donor,0.0326211957931597,-0.0069965916036331885,0.07369278941037405,80,80,5,crossed_source_seed_equal_seed_observed_runs_conditional,5000
cicids2017_binary,cnn,lime,deletion,random_1,conditional_gaussian_mean,0.0926845914629361,0.046231006686092854,0.14969818879180605,80,80,5,crossed_source_seed_equal_seed_observed_runs_conditional,5000
cicids2017_binary,cnn,lime,deletion,random_1,joint_donor,0.0326211957931597,-0.004666564990624238,0.07259298934756389,80,80,5,crossed_source_seed_equal_seed_observed_runs_conditional,5000
cicids2017_binary,cnn,lime,deletion,random_2,conditional_gaussian_mean,0.0926845914629361,0.046562283102394984,0.14800856202437884,80,80,5,crossed_source_seed_equal_seed_observed_runs_conditional,5000
cicids2017_binary,cnn,lime,deletion,random_2,joint_donor,0.0326211957931597,-0.006739284884924065,0.07457834471715719,80,80,5,crossed_source_seed_equal_seed_observed_runs_conditional,5000
cicids2017_binary,cnn,lime,deletion,reverse,conditional_gaussian_mean,0.0926845914629361,0.04699288818361587,0.14988577554354696,80,80,5,crossed_source_seed_equal_seed_observed_runs_conditional,5000
cicids2017_binary,cnn,lime,deletion,reverse,joint_donor,0.0326211957931597,-0.007470088531864072,0.07305430860648558,80,80,5,crossed_source_seed_equal_seed_observed_runs_conditional,5000
cicids2017_binary,cnn,lime,deletion,stable,conditional_gaussian_mean,0.0926845914629361,0.04622235769614941,0.14867304957194383,80,80,5,crossed_source_seed_equal_seed_observed_runs_conditional,5000
cicids2017_binary,cnn,lime,deletion,stable,joint_donor,0.0326211957931597,-0.006534363425295491,0.0736481087936842,80,80,5,crossed_source_seed_equal_seed_observed_runs_conditional,5000
cicids2017_binary,cnn,lime,insertion,random_0,conditional_gaussian_mean,0.01651902464827449,-0.05855196807527233,0.08092055627733712,80,80,5,crossed_source_seed_equal_seed_observed_runs_conditional,5000
cicids2017_binary,cnn,lime,insertion,random_0,joint_donor,-0.004754130707082344,-0.10513102099751034,0.09072977024681074,80,80,5,crossed_source_seed_equal_seed_observed_runs_conditional,5000
cicids2017_binary,cnn,lime,insertion,random_1,conditional_gaussian_mean,0.01651902464827449,-0.05710872828825701,0.08018078159521862,80,80,5,crossed_source_seed_equal_seed_observed_runs_conditional,5000
cicids2017_binary,cnn,lime,insertion,random_1,joint_donor,-0.004754130707082344,-0.10846142089330861,0.09181061788082619,80,80,5,crossed_source_seed_equal_seed_observed_runs_conditional,5000
cicids2017_binary,cnn,lime,insertion,random_2,conditional_gaussian_mean,0.01651902464827449,-0.05886147510270649,0.08019690293400976,80,80,5,crossed_source_seed_equal_seed_observed_runs_conditional,5000
cicids2017_binary,cnn,lime,insertion,random_2,joint_donor,-0.004754130707082344,-0.1096358049114717,0.09293428075559933,80,80,5,crossed_source_seed_equal_seed_observed_runs_conditional,5000
cicids2017_binary,cnn,lime,insertion,reverse,conditional_gaussian_mean,0.01651902464827449,-0.05684674156552246,0.08138730382215856,80,80,5,crossed_source_seed_equal_seed_observed_runs_conditional,5000
cicids2017_binary,cnn,lime,insertion,reverse,joint_donor,-0.004754130707082344,-0.10492514466572649,0.09373637283803528,80,80,5,crossed_source_seed_equal_seed_observed_runs_conditional,5000
cicids2017_binary,cnn,lime,insertion,stable,conditional_gaussian_mean,0.01651902464827449,-0.05946474469128288,0.08325133878808465,80,80,5,crossed_source_seed_equal_seed_observed_runs_conditional,5000
cicids2017_binary,cnn,lime,insertion,stable,joint_donor,-0.004754130707082344,-0.10720167239217841,0.09424707296565205,80,80,5,crossed_source_seed_equal_seed_observed_runs_conditional,5000
cicids2017_binary,cnn,occlusion,deletion,random_0,conditional_gaussian_mean,-0.13093475180904593,-0.21112995262852913,-0.05705790846839424,80,80,5,crossed_source_seed_equal_seed_observed_runs_conditional,5000
cicids2017_binary,cnn,occlusion,deletion,random_0,joint_donor,0.03352023417257883,-0.03203248949546055,0.09747910034442957,80,80,5,crossed_source_seed_equal_seed_observed_runs_conditional,5000
cicids2017_binary,cnn,occlusion,deletion,random_1,conditional_gaussian_mean,-0.10397831312417494,-0.18261906317293344,-0.038133048500271376,80,80,5,crossed_source_seed_equal_seed_observed_runs_conditional,5000
cicids2017_binary,cnn,occlusion,deletion,random_1,joint_donor,0.053699046468586566,-0.0217594228056081,0.13359135238178793,80,80,5,crossed_source_seed_equal_seed_observed_runs_conditional,5000
cicids2017_binary,cnn,occlusion,deletion,random_2,conditional_gaussian_mean,-0.12158988598874984,-0.2019649939536249,-0.05359945917336624,80,80,5,crossed_source_seed_equal_seed_observed_runs_conditional,5000
cicids2017_binary,cnn,occlusion,deletion,random_2,joint_donor,0.03808425401980913,-0.02698620684723544,0.1080028972819425,80,80,5,crossed_source_seed_equal_seed_observed_runs_conditional,5000
cicids2017_binary,cnn,occlusion,deletion,reverse,conditional_gaussian_mean,-0.1365008111824795,-0.21734158695355305,-0.0695513542922767,80,80,5,crossed_source_seed_equal_seed_observed_runs_conditional,5000
cicids2017_binary,cnn,occlusion,deletion,reverse,joint_donor,0.016971834256186306,-0.046585463713817284,0.08316920542235724,80,80,5,crossed_source_seed_equal_seed_observed_runs_conditional,5000
cicids2017_binary,cnn,occlusion,deletion,stable,conditional_gaussian_mean,-0.059880116102722446,-0.12556356080918535,-0.0054626723193809045,80,80,5,crossed_source_seed_equal_seed_observed_runs_conditional,5000
cicids2017_binary,cnn,occlusion,deletion,stable,joint_donor,0.06391819431190668,-0.013052659225499676,0.13978659687022216,80,80,5,crossed_source_seed_equal_seed_observed_runs_conditional,5000
cicids2017_binary,cnn,occlusion,insertion,random_0,conditional_gaussian_mean,-0.09661468000512177,-0.18555572357045863,-0.023525776533356316,80,80,5,crossed_source_seed_equal_seed_observed_runs_conditional,5000
cicids2017_binary,cnn,occlusion,insertion,random_0,joint_donor,0.016475480800500118,-0.0617300930109833,0.08598771090415126,80,80,5,crossed_source_seed_equal_seed_observed_runs_conditional,5000
cicids2017_binary,cnn,occlusion,insertion,random_1,conditional_gaussian_mean,-0.07193160615948693,-0.15006725165328308,-0.0037033758016657,80,80,5,crossed_source_seed_equal_seed_observed_runs_conditional,5000
cicids2017_binary,cnn,occlusion,insertion,random_1,joint_donor,0.054135250116190914,-0.011374399696654219,0.12216372891016677,80,80,5,crossed_source_seed_equal_seed_observed_runs_conditional,5000
cicids2017_binary,cnn,occlusion,insertion,random_2,conditional_gaussian_mean,-0.09679263761581632,-0.1732587686266662,-0.02981525181625407,80,80,5,crossed_source_seed_equal_seed_observed_runs_conditional,5000
cicids2017_binary,cnn,occlusion,insertion,random_2,joint_donor,0.020272494419129174,-0.049213341474169454,0.08993826734450598,80,80,5,crossed_source_seed_equal_seed_observed_runs_conditional,5000
cicids2017_binary,cnn,occlusion,insertion,reverse,conditional_gaussian_mean,-0.10458112558815584,-0.1729603011513267,-0.04563127620306061,80,80,5,crossed_source_seed_equal_seed_observed_runs_conditional,5000
cicids2017_binary,cnn,occlusion,insertion,reverse,joint_donor,0.015873154414492094,-0.05673074515364036,0.0860784818546909,80,80,5,crossed_source_seed_equal_seed_observed_runs_conditional,5000
cicids2017_binary,cnn,occlusion,insertion,stable,conditional_gaussian_mean,-0.008371561479930546,-0.07862939368381751,0.04456336423190979,80,80,5,crossed_source_seed_equal_seed_observed_runs_conditional,5000
cicids2017_binary,cnn,occlusion,insertion,stable,joint_donor,0.13062002420781899,0.056975445854108554,0.19660476548143088,80,80,5,crossed_source_seed_equal_seed_observed_runs_conditional,5000
cicids2017_binary,cnn,shap,deletion,random_0,conditional_gaussian_mean,-0.14415869075555313,-0.22805437404982645,-0.07780964195524846,80,80,5,crossed_source_seed_equal_seed_observed_runs_conditional,5000
cicids2017_binary,cnn,shap,deletion,random_0,joint_donor,0.03655440059931329,-0.021300744184778786,0.10436039639571332,80,80,5,crossed_source_seed_equal_seed_observed_runs_conditional,5000
cicids2017_binary,cnn,shap,deletion,random_1,conditional_gaussian_mean,-0.12842314209536448,-0.2011403327319327,-0.06693103453403579,80,80,5,crossed_source_seed_equal_seed_observed_runs_conditional,5000
cicids2017_binary,cnn,shap,deletion,random_1,joint_donor,0.02653648626088595,-0.021571113081266847,0.08833150358402209,80,80,5,crossed_source_seed_equal_seed_observed_runs_conditional,5000
cicids2017_binary,cnn,shap,deletion,random_2,conditional_gaussian_mean,-0.14214230007856382,-0.21803831190840273,-0.07459235772934517,80,80,5,crossed_source_seed_equal_seed_observed_runs_conditional,5000
cicids2017_binary,cnn,shap,deletion,random_2,joint_donor,0.02724626925195097,-0.030543436566495094,0.09112186086821789,80,80,5,crossed_source_seed_equal_seed_observed_runs_conditional,5000
cicids2017_binary,cnn,shap,deletion,reverse,conditional_gaussian_mean,-0.13121079995769164,-0.21061107987096683,-0.06341015244805774,80,80,5,crossed_source_seed_equal_seed_observed_runs_conditional,5000
cicids2017_binary,cnn,shap,deletion,reverse,joint_donor,0.04309296065355599,-0.017994830689258216,0.11296134346760152,80,80,5,crossed_source_seed_equal_seed_observed_runs_conditional,5000
cicids2017_binary,cnn,shap,deletion,stable,conditional_gaussian_mean,-0.12680785335146996,-0.18770931991410458,-0.06672267423077888,80,80,5,crossed_source_seed_equal_seed_observed_runs_conditional,5000
cicids2017_binary,cnn,shap,deletion,stable,joint_donor,0.020260397935081265,-0.03502291891307079,0.08943239368497784,80,80,5,crossed_source_seed_equal_seed_observed_runs_conditional,5000
cicids2017_binary,cnn,shap,insertion,random_0,conditional_gaussian_mean,-0.23975964008142298,-0.31398520570516425,-0.16487706987474843,80,80,5,crossed_source_seed_equal_seed_observed_runs_conditional,5000
cicids2017_binary,cnn,shap,insertion,random_0,joint_donor,-0.04698682023770005,-0.12193088783119505,0.023572578978414395,80,80,5,crossed_source_seed_equal_seed_observed_runs_conditional,5000
cicids2017_binary,cnn,shap,insertion,random_1,conditional_gaussian_mean,-0.22047804547116617,-0.282400976488185,-0.16072105318967067,80,80,5,crossed_source_seed_equal_seed_observed_runs_conditional,5000
cicids2017_binary,cnn,shap,insertion,random_1,joint_donor,-0.03555827762187994,-0.10556178394002214,0.031374972732171186,80,80,5,crossed_source_seed_equal_seed_observed_runs_conditional,5000
cicids2017_binary,cnn,shap,insertion,random_2,conditional_gaussian_mean,-0.22655596432752284,-0.30200882237672,-0.15311080316544046,80,80,5,crossed_source_seed_equal_seed_observed_runs_conditional,5000
cicids2017_binary,cnn,shap,insertion,random_2,joint_donor,-0.0438332375686459,-0.11749870495552481,0.024940961402318676,80,80,5,crossed_source_seed_equal_seed_observed_runs_conditional,5000
cicids2017_binary,cnn,shap,insertion,reverse,conditional_gaussian_mean,-0.25139697075377754,-0.32358589101167495,-0.179554468959291,80,80,5,crossed_source_seed_equal_seed_observed_runs_conditional,5000
cicids2017_binary,cnn,shap,insertion,reverse,joint_donor,-0.05388446466563188,-0.1284780634209159,0.02179540441978027,80,80,5,crossed_source_seed_equal_seed_observed_runs_conditional,5000
cicids2017_binary,cnn,shap,insertion,stable,conditional_gaussian_mean,-0.24363929766656717,-0.3244283121337787,-0.16289316750663063,80,80,5,crossed_source_seed_equal_seed_observed_runs_conditional,5000
cicids2017_binary,cnn,shap,insertion,stable,joint_donor,-0.06150542278692968,-0.13626916420722765,0.009068892663236149,80,80,5,crossed_source_seed_equal_seed_observed_runs_conditional,5000
cicids2017_binary,mlp,gradient_x_input,deletion,random_0,conditional_gaussian_mean,-0.018532791090108098,-0.07217394843926993,0.03375774885702987,80,80,5,crossed_source_seed_equal_seed_observed_runs_conditional,5000
cicids2017_binary,mlp,gradient_x_input,deletion,random_0,joint_donor,0.08516871121309179,0.013177506807401687,0.1563102777281957,80,80,5,crossed_source_seed_equal_seed_observed_runs_conditional,5000
cicids2017_binary,mlp,gradient_x_input,deletion,random_1,conditional_gaussian_mean,0.00048657326365827877,-0.05432088533165748,0.045364439180372695,80,80,5,crossed_source_seed_equal_seed_observed_runs_conditional,5000
cicids2017_binary,mlp,gradient_x_input,deletion,random_1,joint_donor,0.09350549658707487,0.02572007504989425,0.16281684941164679,80,80,5,crossed_source_seed_equal_seed_observed_runs_conditional,5000
cicids2017_binary,mlp,gradient_x_input,deletion,random_2,conditional_gaussian_mean,-0.008482878692807673,-0.0607625840358118,0.042287283584388775,80,80,5,crossed_source_seed_equal_seed_observed_runs_conditional,5000
cicids2017_binary,mlp,gradient_x_input,deletion,random_2,joint_donor,0.09272443157107252,0.025630429824240415,0.1679487918407864,80,80,5,crossed_source_seed_equal_seed_observed_runs_conditional,5000
cicids2017_binary,mlp,gradient_x_input,deletion,reverse,conditional_gaussian_mean,0.00020157262685463264,-0.034247166165323015,0.0412190685482079,80,80,5,crossed_source_seed_equal_seed_observed_runs_conditional,5000
cicids2017_binary,mlp,gradient_x_input,deletion,reverse,joint_donor,0.08138471977446746,0.012591856705920671,0.15937676066519554,80,80,5,crossed_source_seed_equal_seed_observed_runs_conditional,5000
cicids2017_binary,mlp,gradient_x_input,deletion,stable,conditional_gaussian_mean,0.008232144676432828,-0.03151062740767734,0.04302096307696271,80,80,5,crossed_source_seed_equal_seed_observed_runs_conditional,5000
cicids2017_binary,mlp,gradient_x_input,deletion,stable,joint_donor,0.10900169423100463,0.04005377677182978,0.17787754797892724,80,80,5,crossed_source_seed_equal_seed_observed_runs_conditional,5000
cicids2017_binary,mlp,gradient_x_input,insertion,random_0,conditional_gaussian_mean,-0.0350173598355407,-0.105308646058846,0.036727389265691274,80,80,5,crossed_source_seed_equal_seed_observed_runs_conditional,5000
cicids2017_binary,mlp,gradient_x_input,insertion,random_0,joint_donor,0.0319176879360311,-0.07370716376635504,0.1233587303652855,80,80,5,crossed_source_seed_equal_seed_observed_runs_conditional,5000
cicids2017_binary,mlp,gradient_x_input,insertion,random_1,conditional_gaussian_mean,-0.01822402569129305,-0.09357070810668455,0.06499783719238986,80,80,5,crossed_source_seed_equal_seed_observed_runs_conditional,5000
cicids2017_binary,mlp,gradient_x_input,insertion,random_1,joint_donor,0.05769589825297028,-0.026338233918143175,0.14571894810347868,80,80,5,crossed_source_seed_equal_seed_observed_runs_conditional,5000
cicids2017_binary,mlp,gradient_x_input,insertion,random_2,conditional_gaussian_mean,-0.05067526006515399,-0.12352081906321254,0.02393591760325159,80,80,5,crossed_source_seed_equal_seed_observed_runs_conditional,5000
cicids2017_binary,mlp,gradient_x_input,insertion,random_2,joint_donor,0.033269947881179554,-0.0564155216303232,0.11511406221123857,80,80,5,crossed_source_seed_equal_seed_observed_runs_conditional,5000
cicids2017_binary,mlp,gradient_x_input,insertion,reverse,conditional_gaussian_mean,0.038229342792318925,-0.012207837437950663,0.09367976506198876,80,80,5,crossed_source_seed_equal_seed_observed_runs_conditional,5000
cicids2017_binary,mlp,gradient_x_input,insertion,reverse,joint_donor,0.06849785581156882,-0.003975991213203819,0.13426519693474231,80,80,5,crossed_source_seed_equal_seed_observed_runs_conditional,5000
cicids2017_binary,mlp,gradient_x_input,insertion,stable,conditional_gaussian_mean,0.04475763930325556,-0.03500576280740013,0.11394056717517151,80,80,5,crossed_source_seed_equal_seed_observed_runs_conditional,5000
cicids2017_binary,mlp,gradient_x_input,insertion,stable,joint_donor,0.08943732632374372,-0.008593629443475534,0.17197064228851477,80,80,5,crossed_source_seed_equal_seed_observed_runs_conditional,5000
cicids2017_binary,mlp,integrated_gradients,deletion,final_resolution,conditional_gaussian_mean,-0.13407769945648948,-0.1858405466102841,-0.07986545119832913,80,80,5,crossed_source_seed_equal_seed_observed_runs_conditional,5000
cicids2017_binary,mlp,integrated_gradients,deletion,final_resolution,joint_donor,0.06294467986655497,0.00575709801531872,0.11840331642273633,80,80,5,crossed_source_seed_equal_seed_observed_runs_conditional,5000
cicids2017_binary,mlp,integrated_gradients,deletion,random_0,conditional_gaussian_mean,-0.1274567990539886,-0.1787462752225038,-0.07706018028082391,80,80,5,crossed_source_seed_equal_seed_observed_runs_conditional,5000
cicids2017_binary,mlp,integrated_gradients,deletion,random_0,joint_donor,0.05976910504073176,0.003322966794367085,0.11767010973589992,80,80,5,crossed_source_seed_equal_seed_observed_runs_conditional,5000
cicids2017_binary,mlp,integrated_gradients,deletion,random_1,conditional_gaussian_mean,-0.12497663530714972,-0.17800396741994692,-0.07224124772189994,80,80,5,crossed_source_seed_equal_seed_observed_runs_conditional,5000
cicids2017_binary,mlp,integrated_gradients,deletion,random_1,joint_donor,0.059348677428976225,0.0014025897238875804,0.1176906839868291,80,80,5,crossed_source_seed_equal_seed_observed_runs_conditional,5000
cicids2017_binary,mlp,integrated_gradients,deletion,random_2,conditional_gaussian_mean,-0.1272872672678978,-0.18012186318684248,-0.07328040971716734,80,80,5,crossed_source_seed_equal_seed_observed_runs_conditional,5000
cicids2017_binary,mlp,integrated_gradients,deletion,random_2,joint_donor,0.06159477726639053,0.002907540346422203,0.1205413749005307,80,80,5,crossed_source_seed_equal_seed_observed_runs_conditional,5000
cicids2017_binary,mlp,integrated_gradients,deletion,reverse,conditional_gaussian_mean,-0.12739167764391104,-0.18099671332280817,-0.07554090960915996,80,80,5,crossed_source_seed_equal_seed_observed_runs_conditional,5000
cicids2017_binary,mlp,integrated_gradients,deletion,reverse,joint_donor,0.06030525899422312,0.005795591165553476,0.12114592921700858,80,80,5,crossed_source_seed_equal_seed_observed_runs_conditional,5000
cicids2017_binary,mlp,integrated_gradients,deletion,stable,conditional_gaussian_mean,-0.12738164855684903,-0.179546631441451,-0.07415368746646163,80,80,5,crossed_source_seed_equal_seed_observed_runs_conditional,5000
cicids2017_binary,mlp,integrated_gradients,deletion,stable,joint_donor,0.06047208498560006,0.003253765846067246,0.11984814670402141,80,80,5,crossed_source_seed_equal_seed_observed_runs_conditional,5000
cicids2017_binary,mlp,integrated_gradients,deletion,steps_128,conditional_gaussian_mean,-0.1319183174778244,-0.18376212203845874,-0.07945028212003055,80,80,5,crossed_source_seed_equal_seed_observed_runs_conditional,5000
cicids2017_binary,mlp,integrated_gradients,deletion,steps_128,joint_donor,0.06349301648808148,0.006086818586139492,0.12294606724788247,80,80,5,crossed_source_seed_equal_seed_observed_runs_conditional,5000
cicids2017_binary,mlp,integrated_gradients,deletion,steps_256,conditional_gaussian_mean,-0.13452236289728803,-0.18699981821173434,-0.08071276505863198,80,80,5,crossed_source_seed_equal_seed_observed_runs_conditional,5000
cicids2017_binary,mlp,integrated_gradients,deletion,steps_256,joint_donor,0.06319543315077472,0.00779485719110733,0.12016945033719666,80,80,5,crossed_source_seed_equal_seed_observed_runs_conditional,5000
cicids2017_binary,mlp,integrated_gradients,insertion,final_resolution,conditional_gaussian_mean,-0.044299032170241615,-0.07376183147627441,-0.016359007393696952,80,80,5,crossed_source_seed_equal_seed_observed_runs_conditional,5000
cicids2017_binary,mlp,integrated_gradients,insertion,final_resolution,joint_donor,0.05691840839918096,-0.004237148708178481,0.10449934554837144,80,80,5,crossed_source_seed_equal_seed_observed_runs_conditional,5000
cicids2017_binary,mlp,integrated_gradients,insertion,random_0,conditional_gaussian_mean,-0.0465813443481475,-0.07527478465138708,-0.01994173824785702,80,80,5,crossed_source_seed_equal_seed_observed_runs_conditional,5000
cicids2017_binary,mlp,integrated_gradients,insertion,random_0,joint_donor,0.057482849577377634,-0.0021128666930813676,0.10536808707477426,80,80,5,crossed_source_seed_equal_seed_observed_runs_conditional,5000
cicids2017_binary,mlp,integrated_gradients,insertion,random_1,conditional_gaussian_mean,-0.046352837992423714,-0.07705293404300742,-0.018183355451606948,80,80,5,crossed_source_seed_equal_seed_observed_runs_conditional,5000
cicids2017_binary,mlp,integrated_gradients,insertion,random_1,joint_donor,0.057491343048150775,-0.0011455302140590692,0.10526884891484245,80,80,5,crossed_source_seed_equal_seed_observed_runs_conditional,5000
cicids2017_binary,mlp,integrated_gradients,insertion,random_2,conditional_gaussian_mean,-0.046451938668235916,-0.07561432204978119,-0.018679062066944564,80,80,5,crossed_source_seed_equal_seed_observed_runs_conditional,5000
cicids2017_binary,mlp,integrated_gradients,insertion,random_2,joint_donor,0.05754408445420252,-0.0031257508642194612,0.10575024812509295,80,80,5,crossed_source_seed_equal_seed_observed_runs_conditional,5000
cicids2017_binary,mlp,integrated_gradients,insertion,reverse,conditional_gaussian_mean,-0.04642876927717996,-0.07652111803370905,-0.01812738929973594,80,80,5,crossed_source_seed_equal_seed_observed_runs_conditional,5000
cicids2017_binary,mlp,integrated_gradients,insertion,reverse,joint_donor,0.05738580073074524,-0.0001477982638320245,0.10730136914135743,80,80,5,crossed_source_seed_equal_seed_observed_runs_conditional,5000
cicids2017_binary,mlp,integrated_gradients,insertion,stable,conditional_gaussian_mean,-0.04635316687214881,-0.07633409677260511,-0.01823831547620783,80,80,5,crossed_source_seed_equal_seed_observed_runs_conditional,5000
cicids2017_binary,mlp,integrated_gradients,insertion,stable,joint_donor,0.05728695029817521,0.0016436183016966342,0.10285630025856125,80,80,5,crossed_source_seed_equal_seed_observed_runs_conditional,5000
cicids2017_binary,mlp,integrated_gradients,insertion,steps_128,conditional_gaussian_mean,-0.04416113576392295,-0.07444256797299083,-0.017210457904902027,80,80,5,crossed_source_seed_equal_seed_observed_runs_conditional,5000
cicids2017_binary,mlp,integrated_gradients,insertion,steps_128,joint_donor,0.057767497404546383,-0.000624722186909908,0.10600351628206836,80,80,5,crossed_source_seed_equal_seed_observed_runs_conditional,5000
cicids2017_binary,mlp,integrated_gradients,insertion,steps_256,conditional_gaussian_mean,-0.04429804749107091,-0.07455110491983744,-0.017286255420855948,80,80,5,crossed_source_seed_equal_seed_observed_runs_conditional,5000
cicids2017_binary,mlp,integrated_gradients,insertion,steps_256,joint_donor,0.057218108918857744,0.001379100940375052,0.10690405798787324,80,80,5,crossed_source_seed_equal_seed_observed_runs_conditional,5000
cicids2017_binary,mlp,lime,deletion,random_0,conditional_gaussian_mean,-0.10124287972952387,-0.16985338692339755,-0.04137083032011859,80,80,5,crossed_source_seed_equal_seed_observed_runs_conditional,5000
cicids2017_binary,mlp,lime,deletion,random_0,joint_donor,0.062477694746347415,-0.02679609546831184,0.14324046650889816,80,80,5,crossed_source_seed_equal_seed_observed_runs_conditional,5000
cicids2017_binary,mlp,lime,deletion,random_1,conditional_gaussian_mean,-0.10124287972952387,-0.17268661438154695,-0.042841368606256335,80,80,5,crossed_source_seed_equal_seed_observed_runs_conditional,5000
cicids2017_binary,mlp,lime,deletion,random_1,joint_donor,0.062477694746347415,-0.02773864345851521,0.14388978475420997,80,80,5,crossed_source_seed_equal_seed_observed_runs_conditional,5000
cicids2017_binary,mlp,lime,deletion,random_2,conditional_gaussian_mean,-0.10124287972952387,-0.17250700894505222,-0.04138128977622387,80,80,5,crossed_source_seed_equal_seed_observed_runs_conditional,5000
cicids2017_binary,mlp,lime,deletion,random_2,joint_donor,0.062477694746347415,-0.023542960031547287,0.14622756543735002,80,80,5,crossed_source_seed_equal_seed_observed_runs_conditional,5000
cicids2017_binary,mlp,lime,deletion,reverse,conditional_gaussian_mean,-0.10124287972952387,-0.17172145967719873,-0.04379653796404098,80,80,5,crossed_source_seed_equal_seed_observed_runs_conditional,5000
cicids2017_binary,mlp,lime,deletion,reverse,joint_donor,0.062477694746347415,-0.025754863545061457,0.14526009597669323,80,80,5,crossed_source_seed_equal_seed_observed_runs_conditional,5000
cicids2017_binary,mlp,lime,deletion,stable,conditional_gaussian_mean,-0.10124287972952387,-0.17360418417345252,-0.04304594437823188,80,80,5,crossed_source_seed_equal_seed_observed_runs_conditional,5000
cicids2017_binary,mlp,lime,deletion,stable,joint_donor,0.062477694746347415,-0.029559589480172257,0.1504369353346158,80,80,5,crossed_source_seed_equal_seed_observed_runs_conditional,5000
cicids2017_binary,mlp,lime,insertion,random_0,conditional_gaussian_mean,-0.20207653884411214,-0.2874656185093943,-0.11431964813561048,80,80,5,crossed_source_seed_equal_seed_observed_runs_conditional,5000
cicids2017_binary,mlp,lime,insertion,random_0,joint_donor,-0.06139057196216391,-0.14180536786706302,0.02231765722657916,80,80,5,crossed_source_seed_equal_seed_observed_runs_conditional,5000
cicids2017_binary,mlp,lime,insertion,random_1,conditional_gaussian_mean,-0.20207653884411214,-0.2890993432978654,-0.11512475295147172,80,80,5,crossed_source_seed_equal_seed_observed_runs_conditional,5000
cicids2017_binary,mlp,lime,insertion,random_1,joint_donor,-0.06139057196216391,-0.14325311477996505,0.018869519475450687,80,80,5,crossed_source_seed_equal_seed_observed_runs_conditional,5000
cicids2017_binary,mlp,lime,insertion,random_2,conditional_gaussian_mean,-0.20207653884411214,-0.29098962023848657,-0.11505452913286612,80,80,5,crossed_source_seed_equal_seed_observed_runs_conditional,5000
cicids2017_binary,mlp,lime,insertion,random_2,joint_donor,-0.06139057196216391,-0.1407021215295115,0.023929666289657134,80,80,5,crossed_source_seed_equal_seed_observed_runs_conditional,5000
cicids2017_binary,mlp,lime,insertion,reverse,conditional_gaussian_mean,-0.20207653884411214,-0.2913465392517858,-0.11653202447112333,80,80,5,crossed_source_seed_equal_seed_observed_runs_conditional,5000
cicids2017_binary,mlp,lime,insertion,reverse,joint_donor,-0.06139057196216391,-0.14152296861457034,0.02385474028361335,80,80,5,crossed_source_seed_equal_seed_observed_runs_conditional,5000
cicids2017_binary,mlp,lime,insertion,stable,conditional_gaussian_mean,-0.20207653884411214,-0.28956883980339293,-0.11537686076024345,80,80,5,crossed_source_seed_equal_seed_observed_runs_conditional,5000
cicids2017_binary,mlp,lime,insertion,stable,joint_donor,-0.06139057196216391,-0.14238985257799153,0.01750378086967074,80,80,5,crossed_source_seed_equal_seed_observed_runs_conditional,5000
cicids2017_binary,mlp,occlusion,deletion,random_0,conditional_gaussian_mean,-0.08643247078080767,-0.14951108930986767,-0.035772545707198046,80,80,5,crossed_source_seed_equal_seed_observed_runs_conditional,5000
cicids2017_binary,mlp,occlusion,deletion,random_0,joint_donor,0.013867108123921687,-0.05815022288634145,0.07662095998459253,80,80,5,crossed_source_seed_equal_seed_observed_runs_conditional,5000
cicids2017_binary,mlp,occlusion,deletion,random_1,conditional_gaussian_mean,-0.08477145003953722,-0.15064943893525967,-0.02735870654516627,80,80,5,crossed_source_seed_equal_seed_observed_runs_conditional,5000
cicids2017_binary,mlp,occlusion,deletion,random_1,joint_donor,0.02245461358264296,-0.042730428360614366,0.08962573529152823,80,80,5,crossed_source_seed_equal_seed_observed_runs_conditional,5000
cicids2017_binary,mlp,occlusion,deletion,random_2,conditional_gaussian_mean,-0.10306133212603918,-0.1761028199339945,-0.0415498000211139,80,80,5,crossed_source_seed_equal_seed_observed_runs_conditional,5000
cicids2017_binary,mlp,occlusion,deletion,random_2,joint_donor,0.02917290027683157,-0.03258621355961222,0.09196512183388349,80,80,5,crossed_source_seed_equal_seed_observed_runs_conditional,5000
cicids2017_binary,mlp,occlusion,deletion,reverse,conditional_gaussian_mean,-0.07205839026495389,-0.13531223093413527,-0.01842526448186322,80,80,5,crossed_source_seed_equal_seed_observed_runs_conditional,5000
cicids2017_binary,mlp,occlusion,deletion,reverse,joint_donor,0.030363367551766367,-0.0251652705497992,0.08565736452777717,80,80,5,crossed_source_seed_equal_seed_observed_runs_conditional,5000
cicids2017_binary,mlp,occlusion,deletion,stable,conditional_gaussian_mean,-0.06510833183449241,-0.12857923214797753,-0.013292097612725701,80,80,5,crossed_source_seed_equal_seed_observed_runs_conditional,5000
cicids2017_binary,mlp,occlusion,deletion,stable,joint_donor,0.057113574006698295,-0.0013785556083266092,0.11658246028924663,80,80,5,crossed_source_seed_equal_seed_observed_runs_conditional,5000
cicids2017_binary,mlp,occlusion,insertion,random_0,conditional_gaussian_mean,-0.06708795968814626,-0.15189919738556007,0.0159481556998596,80,80,5,crossed_source_seed_equal_seed_observed_runs_conditional,5000
cicids2017_binary,mlp,occlusion,insertion,random_0,joint_donor,0.015822975319720288,-0.06381052853394344,0.09471592364656398,80,80,5,crossed_source_seed_equal_seed_observed_runs_conditional,5000
cicids2017_binary,mlp,occlusion,insertion,random_1,conditional_gaussian_mean,-0.06102014155891333,-0.13767862943248876,0.013989101597232005,80,80,5,crossed_source_seed_equal_seed_observed_runs_conditional,5000
cicids2017_binary,mlp,occlusion,insertion,random_1,joint_donor,0.019096096141526877,-0.05659391879506448,0.09035644245305575,80,80,5,crossed_source_seed_equal_seed_observed_runs_conditional,5000
cicids2017_binary,mlp,occlusion,insertion,random_2,conditional_gaussian_mean,-0.08769765860591068,-0.1575109957603701,-0.02131529863503872,80,80,5,crossed_source_seed_equal_seed_observed_runs_conditional,5000
cicids2017_binary,mlp,occlusion,insertion,random_2,joint_donor,0.005923145560771182,-0.09093072857512365,0.09516153866195944,80,80,5,crossed_source_seed_equal_seed_observed_runs_conditional,5000
cicids2017_binary,mlp,occlusion,insertion,reverse,conditional_gaussian_mean,0.011137224924016264,-0.05210395255899384,0.06241637756301748,80,80,5,crossed_source_seed_equal_seed_observed_runs_conditional,5000
cicids2017_binary,mlp,occlusion,insertion,reverse,joint_donor,0.07125191004311589,-0.008284548766448753,0.1419758903509252,80,80,5,crossed_source_seed_equal_seed_observed_runs_conditional,5000
cicids2017_binary,mlp,occlusion,insertion,stable,conditional_gaussian_mean,-0.029547994051601023,-0.11125100970055386,0.04776113869206975,80,80,5,crossed_source_seed_equal_seed_observed_runs_conditional,5000
cicids2017_binary,mlp,occlusion,insertion,stable,joint_donor,0.04331187610285284,-0.02612433973847236,0.10660748439704165,80,80,5,crossed_source_seed_equal_seed_observed_runs_conditional,5000
cicids2017_binary,mlp,shap,deletion,random_0,conditional_gaussian_mean,-0.2464439961439296,-0.3285942242767298,-0.16387270109541782,80,80,5,crossed_source_seed_equal_seed_observed_runs_conditional,5000
cicids2017_binary,mlp,shap,deletion,random_0,joint_donor,0.016320861891365383,-0.05372273124503507,0.09319146858718767,80,80,5,crossed_source_seed_equal_seed_observed_runs_conditional,5000
cicids2017_binary,mlp,shap,deletion,random_1,conditional_gaussian_mean,-0.25631186787777926,-0.33392422416864087,-0.1757442106593314,80,80,5,crossed_source_seed_equal_seed_observed_runs_conditional,5000
cicids2017_binary,mlp,shap,deletion,random_1,joint_donor,0.013738470456036638,-0.05220782694306099,0.09124039840890505,80,80,5,crossed_source_seed_equal_seed_observed_runs_conditional,5000
cicids2017_binary,mlp,shap,deletion,random_2,conditional_gaussian_mean,-0.24560369686198075,-0.32838001514452714,-0.16013063602088415,80,80,5,crossed_source_seed_equal_seed_observed_runs_conditional,5000
cicids2017_binary,mlp,shap,deletion,random_2,joint_donor,0.019513719220384522,-0.05407318264729,0.09532786166475866,80,80,5,crossed_source_seed_equal_seed_observed_runs_conditional,5000
cicids2017_binary,mlp,shap,deletion,reverse,conditional_gaussian_mean,-0.24883639925023818,-0.32646192321131967,-0.170962919519233,80,80,5,crossed_source_seed_equal_seed_observed_runs_conditional,5000
cicids2017_binary,mlp,shap,deletion,reverse,joint_donor,0.030391232615112396,-0.03851899352314358,0.10485783246408825,80,80,5,crossed_source_seed_equal_seed_observed_runs_conditional,5000
cicids2017_binary,mlp,shap,deletion,stable,conditional_gaussian_mean,-0.28040469383662275,-0.3677760466273914,-0.19220029816749,80,80,5,crossed_source_seed_equal_seed_observed_runs_conditional,5000
cicids2017_binary,mlp,shap,deletion,stable,joint_donor,-0.012962561603471348,-0.08826888869586247,0.062027095974390795,80,80,5,crossed_source_seed_equal_seed_observed_runs_conditional,5000
cicids2017_binary,mlp,shap,insertion,random_0,conditional_gaussian_mean,-0.07692722051637893,-0.11519973579082632,-0.04004065286672136,80,80,5,crossed_source_seed_equal_seed_observed_runs_conditional,5000
cicids2017_binary,mlp,shap,insertion,random_0,joint_donor,0.06300688529085681,0.010664079536391462,0.11679268899404946,80,80,5,crossed_source_seed_equal_seed_observed_runs_conditional,5000
cicids2017_binary,mlp,shap,insertion,random_1,conditional_gaussian_mean,-0.07608547588237177,-0.1243715551167293,-0.03771096102568176,80,80,5,crossed_source_seed_equal_seed_observed_runs_conditional,5000
cicids2017_binary,mlp,shap,insertion,random_1,joint_donor,0.0703708081076286,0.015150664583089371,0.11887976376971673,80,80,5,crossed_source_seed_equal_seed_observed_runs_conditional,5000
cicids2017_binary,mlp,shap,insertion,random_2,conditional_gaussian_mean,-0.0740167080991488,-0.10948011053649188,-0.03918479524816242,80,80,5,crossed_source_seed_equal_seed_observed_runs_conditional,5000
cicids2017_binary,mlp,shap,insertion,random_2,joint_donor,0.06184489057359599,0.01212984785423364,0.11026163738336006,80,80,5,crossed_source_seed_equal_seed_observed_runs_conditional,5000
cicids2017_binary,mlp,shap,insertion,reverse,conditional_gaussian_mean,-0.0793497597872741,-0.1283075004193677,-0.03528264975489148,80,80,5,crossed_source_seed_equal_seed_observed_runs_conditional,5000
cicids2017_binary,mlp,shap,insertion,reverse,joint_donor,0.0635382517389782,0.01255613611754186,0.11492781490839052,80,80,5,crossed_source_seed_equal_seed_observed_runs_conditional,5000
cicids2017_binary,mlp,shap,insertion,stable,conditional_gaussian_mean,-0.08139552079511211,-0.12045367276146433,-0.04294757763557597,80,80,5,crossed_source_seed_equal_seed_observed_runs_conditional,5000
cicids2017_binary,mlp,shap,insertion,stable,joint_donor,0.06456407160592541,0.01766174660914042,0.10968033037361836,80,80,5,crossed_source_seed_equal_seed_observed_runs_conditional,5000
ton_iot_binary,cnn,gradient_x_input,deletion,random_0,conditional_gaussian_mean,0.053790378995358226,-0.032836070624507406,0.13951867215590702,80,80,5,crossed_source_seed_equal_seed_observed_runs_conditional,5000
ton_iot_binary,cnn,gradient_x_input,deletion,random_0,joint_donor,0.0020367557385845255,-0.08839236010706539,0.10622261778741952,80,80,5,crossed_source_seed_equal_seed_observed_runs_conditional,5000
ton_iot_binary,cnn,gradient_x_input,deletion,random_1,conditional_gaussian_mean,0.051598356922847734,-0.03244221744605678,0.13603119967793795,80,80,5,crossed_source_seed_equal_seed_observed_runs_conditional,5000
ton_iot_binary,cnn,gradient_x_input,deletion,random_1,joint_donor,0.005805756643562414,-0.08441797538038394,0.10513097907631876,80,80,5,crossed_source_seed_equal_seed_observed_runs_conditional,5000
ton_iot_binary,cnn,gradient_x_input,deletion,random_2,conditional_gaussian_mean,0.055441576137516727,-0.03224494359018946,0.13991970456034733,80,80,5,crossed_source_seed_equal_seed_observed_runs_conditional,5000
ton_iot_binary,cnn,gradient_x_input,deletion,random_2,joint_donor,0.0009428997189312533,-0.09399563644802077,0.10080700869233343,80,80,5,crossed_source_seed_equal_seed_observed_runs_conditional,5000
ton_iot_binary,cnn,gradient_x_input,deletion,reverse,conditional_gaussian_mean,0.05143768423575433,-0.03608558737695557,0.13553203879480022,80,80,5,crossed_source_seed_equal_seed_observed_runs_conditional,5000
ton_iot_binary,cnn,gradient_x_input,deletion,reverse,joint_donor,0.0006617438228328068,-0.09044586496821273,0.10016733057104532,80,80,5,crossed_source_seed_equal_seed_observed_runs_conditional,5000
ton_iot_binary,cnn,gradient_x_input,deletion,stable,conditional_gaussian_mean,0.055758970965877605,-0.03334138423542911,0.13764928598754264,80,80,5,crossed_source_seed_equal_seed_observed_runs_conditional,5000
ton_iot_binary,cnn,gradient_x_input,deletion,stable,joint_donor,0.0035252785960016436,-0.08624639249960835,0.09959500414791515,80,80,5,crossed_source_seed_equal_seed_observed_runs_conditional,5000
ton_iot_binary,cnn,gradient_x_input,insertion,random_0,conditional_gaussian_mean,0.018509750144598724,-0.045951357751646556,0.08382878135872926,80,80,5,crossed_source_seed_equal_seed_observed_runs_conditional,5000
ton_iot_binary,cnn,gradient_x_input,insertion,random_0,joint_donor,0.0010131738642439353,-0.07467329354698017,0.06982601633088004,80,80,5,crossed_source_seed_equal_seed_observed_runs_conditional,5000
ton_iot_binary,cnn,gradient_x_input,insertion,random_1,conditional_gaussian_mean,0.01870083791112986,-0.04686508508684007,0.08048550372968206,80,80,5,crossed_source_seed_equal_seed_observed_runs_conditional,5000
ton_iot_binary,cnn,gradient_x_input,insertion,random_1,joint_donor,0.002116675352599251,-0.07411751590026376,0.0696315069657939,80,80,5,crossed_source_seed_equal_seed_observed_runs_conditional,5000
ton_iot_binary,cnn,gradient_x_input,insertion,random_2,conditional_gaussian_mean,0.014326474049359295,-0.05377487822571965,0.08005120904830279,80,80,5,crossed_source_seed_equal_seed_observed_runs_conditional,5000
ton_iot_binary,cnn,gradient_x_input,insertion,random_2,joint_donor,-0.0006235195249735037,-0.07536423629195314,0.07208497172443397,80,80,5,crossed_source_seed_equal_seed_observed_runs_conditional,5000
ton_iot_binary,cnn,gradient_x_input,insertion,reverse,conditional_gaussian_mean,0.011740638030625361,-0.055356695095936666,0.07630517609133931,80,80,5,crossed_source_seed_equal_seed_observed_runs_conditional,5000
ton_iot_binary,cnn,gradient_x_input,insertion,reverse,joint_donor,-0.0023170448742177623,-0.07653866648023314,0.06849529864999931,80,80,5,crossed_source_seed_equal_seed_observed_runs_conditional,5000
ton_iot_binary,cnn,gradient_x_input,insertion,stable,conditional_gaussian_mean,0.02159361978197511,-0.048531317973882375,0.08647169196108125,80,80,5,crossed_source_seed_equal_seed_observed_runs_conditional,5000
ton_iot_binary,cnn,gradient_x_input,insertion,stable,joint_donor,-0.0016711680559620106,-0.07524517989202138,0.07012600900815241,80,80,5,crossed_source_seed_equal_seed_observed_runs_conditional,5000
ton_iot_binary,cnn,integrated_gradients,deletion,final_resolution,conditional_gaussian_mean,-0.0027170362331997893,-0.09625013507628738,0.09083632272000579,80,80,5,crossed_source_seed_equal_seed_observed_runs_conditional,5000
ton_iot_binary,cnn,integrated_gradients,deletion,final_resolution,joint_donor,-0.012345629729841276,-0.08454694218465102,0.05811063420154389,80,80,5,crossed_source_seed_equal_seed_observed_runs_conditional,5000
ton_iot_binary,cnn,integrated_gradients,deletion,random_0,conditional_gaussian_mean,-0.023399131068337645,-0.09664124228222558,0.04895832570164709,80,80,5,crossed_source_seed_equal_seed_observed_runs_conditional,5000
ton_iot_binary,cnn,integrated_gradients,deletion,random_0,joint_donor,-0.003621326893400348,-0.08099776116904388,0.0736518727866825,80,80,5,crossed_source_seed_equal_seed_observed_runs_conditional,5000
ton_iot_binary,cnn,integrated_gradients,deletion,random_1,conditional_gaussian_mean,-0.013872919968870842,-0.08987959188982003,0.0627710973992266,80,80,5,crossed_source_seed_equal_seed_observed_runs_conditional,5000
ton_iot_binary,cnn,integrated_gradients,deletion,random_1,joint_donor,-0.003606237577073969,-0.0756952476486143,0.07049547655460797,80,80,5,crossed_source_seed_equal_seed_observed_runs_conditional,5000
ton_iot_binary,cnn,integrated_gradients,deletion,random_2,conditional_gaussian_mean,-0.016212158126711666,-0.09155789146280904,0.06269755036474643,80,80,5,crossed_source_seed_equal_seed_observed_runs_conditional,5000
ton_iot_binary,cnn,integrated_gradients,deletion,random_2,joint_donor,-0.009445998524958157,-0.08300733456457955,0.06421931369626108,80,80,5,crossed_source_seed_equal_seed_observed_runs_conditional,5000
ton_iot_binary,cnn,integrated_gradients,deletion,reverse,conditional_gaussian_mean,0.02152230725376222,-0.07836216158651621,0.12104183581555486,80,80,5,crossed_source_seed_equal_seed_observed_runs_conditional,5000
ton_iot_binary,cnn,integrated_gradients,deletion,reverse,joint_donor,-0.012773088132497976,-0.08599233867880841,0.061401906018401446,80,80,5,crossed_source_seed_equal_seed_observed_runs_conditional,5000
ton_iot_binary,cnn,integrated_gradients,deletion,stable,conditional_gaussian_mean,0.005854097088769653,-0.08606713236242072,0.09680082641723887,80,80,5,crossed_source_seed_equal_seed_observed_runs_conditional,5000
ton_iot_binary,cnn,integrated_gradients,deletion,stable,joint_donor,-0.008690908286393666,-0.08027439943163486,0.061585343167011745,80,80,5,crossed_source_seed_equal_seed_observed_runs_conditional,5000
ton_iot_binary,cnn,integrated_gradients,deletion,steps_1024,conditional_gaussian_mean,-0.0027170362331997893,-0.0954279159617614,0.08906102772266011,80,80,5,crossed_source_seed_equal_seed_observed_runs_conditional,5000
ton_iot_binary,cnn,integrated_gradients,deletion,steps_1024,joint_donor,-0.012345629729841276,-0.08393285108848927,0.059617043754384515,80,80,5,crossed_source_seed_equal_seed_observed_runs_conditional,5000
ton_iot_binary,cnn,integrated_gradients,deletion,steps_128,conditional_gaussian_mean,-0.0015452079876175488,-0.09273654690618358,0.09470828941835403,80,80,5,crossed_source_seed_equal_seed_observed_runs_conditional,5000
ton_iot_binary,cnn,integrated_gradients,deletion,steps_128,joint_donor,-0.014380241325465674,-0.08485607418390481,0.06024713530452784,80,80,5,crossed_source_seed_equal_seed_observed_runs_conditional,5000
ton_iot_binary,cnn,integrated_gradients,deletion,steps_256,conditional_gaussian_mean,-0.0033510148219333805,-0.09512294288797395,0.08823940725944424,80,80,5,crossed_source_seed_equal_seed_observed_runs_conditional,5000
ton_iot_binary,cnn,integrated_gradients,deletion,steps_256,joint_donor,-0.012453545677998622,-0.07840391099139117,0.060448375409995876,80,80,5,crossed_source_seed_equal_seed_observed_runs_conditional,5000
ton_iot_binary,cnn,integrated_gradients,deletion,steps_512,conditional_gaussian_mean,-0.00369898603975692,-0.09774308838357335,0.08831982772153223,80,80,5,crossed_source_seed_equal_seed_observed_runs_conditional,5000
ton_iot_binary,cnn,integrated_gradients,deletion,steps_512,joint_donor,-0.013343991214176832,-0.08490077609280482,0.05763297983749132,80,80,5,crossed_source_seed_equal_seed_observed_runs_conditional,5000
ton_iot_binary,cnn,integrated_gradients,insertion,final_resolution,conditional_gaussian_mean,-0.14656556539569762,-0.19906518082448668,-0.09023170078192155,80,80,5,crossed_source_seed_equal_seed_observed_runs_conditional,5000
ton_iot_binary,cnn,integrated_gradients,insertion,final_resolution,joint_donor,0.029864825553683687,-0.035221404546081365,0.094429908113784,80,80,5,crossed_source_seed_equal_seed_observed_runs_conditional,5000
ton_iot_binary,cnn,integrated_gradients,insertion,random_0,conditional_gaussian_mean,-0.15900634074352588,-0.21843639116239974,-0.1003486711399817,80,80,5,crossed_source_seed_equal_seed_observed_runs_conditional,5000
ton_iot_binary,cnn,integrated_gradients,insertion,random_0,joint_donor,0.011503144343260316,-0.0538968628538589,0.07653759054109709,80,80,5,crossed_source_seed_equal_seed_observed_runs_conditional,5000
ton_iot_binary,cnn,integrated_gradients,insertion,random_1,conditional_gaussian_mean,-0.15562457410637226,-0.21781106515953236,-0.09439594598667775,80,80,5,crossed_source_seed_equal_seed_observed_runs_conditional,5000
ton_iot_binary,cnn,integrated_gradients,insertion,random_1,joint_donor,0.019995844704863347,-0.04629142135977994,0.09100994280075624,80,80,5,crossed_source_seed_equal_seed_observed_runs_conditional,5000
ton_iot_binary,cnn,integrated_gradients,insertion,random_2,conditional_gaussian_mean,-0.17219488689554835,-0.23405194381674496,-0.11046914863929332,80,80,5,crossed_source_seed_equal_seed_observed_runs_conditional,5000
ton_iot_binary,cnn,integrated_gradients,insertion,random_2,joint_donor,0.014372740568723877,-0.05050990762835761,0.0834476319850547,80,80,5,crossed_source_seed_equal_seed_observed_runs_conditional,5000
ton_iot_binary,cnn,integrated_gradients,insertion,reverse,conditional_gaussian_mean,-0.18010692173059173,-0.2425998509222066,-0.11549044830358278,80,80,5,crossed_source_seed_equal_seed_observed_runs_conditional,5000
ton_iot_binary,cnn,integrated_gradients,insertion,reverse,joint_donor,0.01264555472355276,-0.051176906918040076,0.07533361287838519,80,80,5,crossed_source_seed_equal_seed_observed_runs_conditional,5000
ton_iot_binary,cnn,integrated_gradients,insertion,stable,conditional_gaussian_mean,-0.1523653058177895,-0.20638125198663218,-0.09471853510383509,80,80,5,crossed_source_seed_equal_seed_observed_runs_conditional,5000
ton_iot_binary,cnn,integrated_gradients,insertion,stable,joint_donor,0.0264261910353701,-0.037579216313900814,0.09049156869860885,80,80,5,crossed_source_seed_equal_seed_observed_runs_conditional,5000
ton_iot_binary,cnn,integrated_gradients,insertion,steps_1024,conditional_gaussian_mean,-0.14656556539569762,-0.2013917813213757,-0.09383878752847966,80,80,5,crossed_source_seed_equal_seed_observed_runs_conditional,5000
ton_iot_binary,cnn,integrated_gradients,insertion,steps_1024,joint_donor,0.029864825553683687,-0.035971068503874624,0.09409646255709155,80,80,5,crossed_source_seed_equal_seed_observed_runs_conditional,5000
ton_iot_binary,cnn,integrated_gradients,insertion,steps_128,conditional_gaussian_mean,-0.14679318641635067,-0.20159081495546288,-0.09279199649726752,80,80,5,crossed_source_seed_equal_seed_observed_runs_conditional,5000
ton_iot_binary,cnn,integrated_gradients,insertion,steps_128,joint_donor,0.02393043767128063,-0.04411489164141752,0.09068418547961768,80,80,5,crossed_source_seed_equal_seed_observed_runs_conditional,5000
ton_iot_binary,cnn,integrated_gradients,insertion,steps_256,conditional_gaussian_mean,-0.14607975058553174,-0.19981783913298032,-0.0910807634925585,80,80,5,crossed_source_seed_equal_seed_observed_runs_conditional,5000
ton_iot_binary,cnn,integrated_gradients,insertion,steps_256,joint_donor,0.02934250682003991,-0.03459775631464668,0.09414647540115155,80,80,5,crossed_source_seed_equal_seed_observed_runs_conditional,5000
ton_iot_binary,cnn,integrated_gradients,insertion,steps_512,conditional_gaussian_mean,-0.146011435220538,-0.19852676487762277,-0.09186675300523976,80,80,5,crossed_source_seed_equal_seed_observed_runs_conditional,5000
ton_iot_binary,cnn,integrated_gradients,insertion,steps_512,joint_donor,0.03031382933784274,-0.03291400088517956,0.09411466339550985,80,80,5,crossed_source_seed_equal_seed_observed_runs_conditional,5000
ton_iot_binary,cnn,lime,deletion,random_0,conditional_gaussian_mean,0.09360607105697463,-0.03597740519518896,0.22578581075848972,80,80,5,crossed_source_seed_equal_seed_observed_runs_conditional,5000
ton_iot_binary,cnn,lime,deletion,random_0,joint_donor,0.07285123050556594,-0.0022354009098560393,0.15524147944759295,80,80,5,crossed_source_seed_equal_seed_observed_runs_conditional,5000
ton_iot_binary,cnn,lime,deletion,random_1,conditional_gaussian_mean,0.09360607105697463,-0.034957691731350805,0.22467766064188832,80,80,5,crossed_source_seed_equal_seed_observed_runs_conditional,5000
ton_iot_binary,cnn,lime,deletion,random_1,joint_donor,0.07285123050556594,-0.0034529971087472705,0.15603883351007564,80,80,5,crossed_source_seed_equal_seed_observed_runs_conditional,5000
ton_iot_binary,cnn,lime,deletion,random_2,conditional_gaussian_mean,0.09360607105697463,-0.03549725864313566,0.2254159674077244,80,80,5,crossed_source_seed_equal_seed_observed_runs_conditional,5000
ton_iot_binary,cnn,lime,deletion,random_2,joint_donor,0.07285123050556594,-0.0036871666743564413,0.153121284314715,80,80,5,crossed_source_seed_equal_seed_observed_runs_conditional,5000
ton_iot_binary,cnn,lime,deletion,reverse,conditional_gaussian_mean,0.09360607105697463,-0.03687401099634138,0.23062043569387353,80,80,5,crossed_source_seed_equal_seed_observed_runs_conditional,5000
ton_iot_binary,cnn,lime,deletion,reverse,joint_donor,0.07285123050556594,-0.0033322760794148466,0.1554497051419236,80,80,5,crossed_source_seed_equal_seed_observed_runs_conditional,5000
ton_iot_binary,cnn,lime,deletion,stable,conditional_gaussian_mean,0.09360607105697463,-0.03780547383812098,0.22723779564320154,80,80,5,crossed_source_seed_equal_seed_observed_runs_conditional,5000
ton_iot_binary,cnn,lime,deletion,stable,joint_donor,0.07285123050556594,-0.0032333958305019095,0.15473284883417943,80,80,5,crossed_source_seed_equal_seed_observed_runs_conditional,5000
ton_iot_binary,cnn,lime,insertion,random_0,conditional_gaussian_mean,0.07497315978851275,-0.0215892710249346,0.18495186797430535,80,80,5,crossed_source_seed_equal_seed_observed_runs_conditional,5000
ton_iot_binary,cnn,lime,insertion,random_0,joint_donor,0.04535125183665586,-0.03069475005735091,0.119432733451909,80,80,5,crossed_source_seed_equal_seed_observed_runs_conditional,5000
ton_iot_binary,cnn,lime,insertion,random_1,conditional_gaussian_mean,0.07497315978851275,-0.019563904944219234,0.17748497361705934,80,80,5,crossed_source_seed_equal_seed_observed_runs_conditional,5000
ton_iot_binary,cnn,lime,insertion,random_1,joint_donor,0.04535125183665586,-0.02594607309937041,0.11680124665846332,80,80,5,crossed_source_seed_equal_seed_observed_runs_conditional,5000
ton_iot_binary,cnn,lime,insertion,random_2,conditional_gaussian_mean,0.07497315978851275,-0.025952923662722664,0.1810431787043225,80,80,5,crossed_source_seed_equal_seed_observed_runs_conditional,5000
ton_iot_binary,cnn,lime,insertion,random_2,joint_donor,0.04535125183665586,-0.025791032389639156,0.11953786109136409,80,80,5,crossed_source_seed_equal_seed_observed_runs_conditional,5000
ton_iot_binary,cnn,lime,insertion,reverse,conditional_gaussian_mean,0.07497315978851275,-0.025157783202885673,0.17993436050115116,80,80,5,crossed_source_seed_equal_seed_observed_runs_conditional,5000
ton_iot_binary,cnn,lime,insertion,reverse,joint_donor,0.04535125183665586,-0.02843708745923961,0.12365497958251125,80,80,5,crossed_source_seed_equal_seed_observed_runs_conditional,5000
ton_iot_binary,cnn,lime,insertion,stable,conditional_gaussian_mean,0.07497315978851275,-0.025874073009734773,0.18112766480323547,80,80,5,crossed_source_seed_equal_seed_observed_runs_conditional,5000
ton_iot_binary,cnn,lime,insertion,stable,joint_donor,0.04535125183665586,-0.028384901471625843,0.12036719148597921,80,80,5,crossed_source_seed_equal_seed_observed_runs_conditional,5000
ton_iot_binary,cnn,occlusion,deletion,random_0,conditional_gaussian_mean,-0.050567452975959826,-0.13490605619102078,0.03677491399187096,80,80,5,crossed_source_seed_equal_seed_observed_runs_conditional,5000
ton_iot_binary,cnn,occlusion,deletion,random_0,joint_donor,-0.05356723612368634,-0.12386120269066013,0.012683791343751834,80,80,5,crossed_source_seed_equal_seed_observed_runs_conditional,5000
ton_iot_binary,cnn,occlusion,deletion,random_1,conditional_gaussian_mean,-0.042846749466393205,-0.13620688031317807,0.05084558460476054,80,80,5,crossed_source_seed_equal_seed_observed_runs_conditional,5000
ton_iot_binary,cnn,occlusion,deletion,random_1,joint_donor,-0.05672785935103296,-0.13220244550909505,0.015343948619394277,80,80,5,crossed_source_seed_equal_seed_observed_runs_conditional,5000
ton_iot_binary,cnn,occlusion,deletion,random_2,conditional_gaussian_mean,-0.041471534848274726,-0.12537500652697015,0.045373571894151254,80,80,5,crossed_source_seed_equal_seed_observed_runs_conditional,5000
ton_iot_binary,cnn,occlusion,deletion,random_2,joint_donor,-0.04263741754432709,-0.1106014336114728,0.02690879791410224,80,80,5,crossed_source_seed_equal_seed_observed_runs_conditional,5000
ton_iot_binary,cnn,occlusion,deletion,reverse,conditional_gaussian_mean,-0.04190089529777012,-0.14615187663487322,0.06887285153508459,80,80,5,crossed_source_seed_equal_seed_observed_runs_conditional,5000
ton_iot_binary,cnn,occlusion,deletion,reverse,joint_donor,-0.04739436754627714,-0.11905963360137363,0.025161272394762645,80,80,5,crossed_source_seed_equal_seed_observed_runs_conditional,5000
ton_iot_binary,cnn,occlusion,deletion,stable,conditional_gaussian_mean,-0.04802147045237601,-0.13537191677392152,0.05237267626477254,80,80,5,crossed_source_seed_equal_seed_observed_runs_conditional,5000
ton_iot_binary,cnn,occlusion,deletion,stable,joint_donor,-0.05198547846503535,-0.1277372028071101,0.01997328007802163,80,80,5,crossed_source_seed_equal_seed_observed_runs_conditional,5000
ton_iot_binary,cnn,occlusion,insertion,random_0,conditional_gaussian_mean,-0.2146692154569408,-0.279831346736727,-0.14277502444770218,80,80,5,crossed_source_seed_equal_seed_observed_runs_conditional,5000
ton_iot_binary,cnn,occlusion,insertion,random_0,joint_donor,0.009714890536463506,-0.0467416622833664,0.06376642914756982,80,80,5,crossed_source_seed_equal_seed_observed_runs_conditional,5000
ton_iot_binary,cnn,occlusion,insertion,random_1,conditional_gaussian_mean,-0.21172824794940714,-0.28535064175482555,-0.13269901904279718,80,80,5,crossed_source_seed_equal_seed_observed_runs_conditional,5000
ton_iot_binary,cnn,occlusion,insertion,random_1,joint_donor,0.007639277466702528,-0.04870707474768808,0.06230317232669951,80,80,5,crossed_source_seed_equal_seed_observed_runs_conditional,5000
ton_iot_binary,cnn,occlusion,insertion,random_2,conditional_gaussian_mean,-0.21954476000729758,-0.28750150333491664,-0.14388754883926044,80,80,5,crossed_source_seed_equal_seed_observed_runs_conditional,5000
ton_iot_binary,cnn,occlusion,insertion,random_2,joint_donor,-0.0005316754766118692,-0.058342070203157806,0.05292503517462113,80,80,5,crossed_source_seed_equal_seed_observed_runs_conditional,5000
ton_iot_binary,cnn,occlusion,insertion,reverse,conditional_gaussian_mean,-0.2266594826407083,-0.2953060883303806,-0.15180235298098813,80,80,5,crossed_source_seed_equal_seed_observed_runs_conditional,5000
ton_iot_binary,cnn,occlusion,insertion,reverse,joint_donor,0.0037584527516330716,-0.05115396973027045,0.05790445635667181,80,80,5,crossed_source_seed_equal_seed_observed_runs_conditional,5000
ton_iot_binary,cnn,occlusion,insertion,stable,conditional_gaussian_mean,-0.19681921385730222,-0.24938007505987328,-0.1362419400306945,80,80,5,crossed_source_seed_equal_seed_observed_runs_conditional,5000
ton_iot_binary,cnn,occlusion,insertion,stable,joint_donor,0.013755649417271254,-0.046777489895262564,0.07021671343588416,80,80,5,crossed_source_seed_equal_seed_observed_runs_conditional,5000
ton_iot_binary,cnn,shap,deletion,random_0,conditional_gaussian_mean,-0.11555107561010214,-0.19964419250141,-0.03053749412975954,80,80,5,crossed_source_seed_equal_seed_observed_runs_conditional,5000
ton_iot_binary,cnn,shap,deletion,random_0,joint_donor,-0.11381779011455728,-0.1932786276818729,-0.037624752683985595,80,80,5,crossed_source_seed_equal_seed_observed_runs_conditional,5000
ton_iot_binary,cnn,shap,deletion,random_1,conditional_gaussian_mean,-0.11658546210991279,-0.18997475225344496,-0.04123545300719701,80,80,5,crossed_source_seed_equal_seed_observed_runs_conditional,5000
ton_iot_binary,cnn,shap,deletion,random_1,joint_donor,-0.140764772991829,-0.23725405193513582,-0.0471751937836327,80,80,5,crossed_source_seed_equal_seed_observed_runs_conditional,5000
ton_iot_binary,cnn,shap,deletion,random_2,conditional_gaussian_mean,-0.10451087266074995,-0.18298068204422094,-0.02621028216945733,80,80,5,crossed_source_seed_equal_seed_observed_runs_conditional,5000
ton_iot_binary,cnn,shap,deletion,random_2,joint_donor,-0.13271346603002804,-0.20786251232902697,-0.058774916166263236,80,80,5,crossed_source_seed_equal_seed_observed_runs_conditional,5000
ton_iot_binary,cnn,shap,deletion,reverse,conditional_gaussian_mean,-0.09416651651235956,-0.1831410790065991,-0.004300987002302751,80,80,5,crossed_source_seed_equal_seed_observed_runs_conditional,5000
ton_iot_binary,cnn,shap,deletion,reverse,joint_donor,-0.13862154922693146,-0.21548749837562434,-0.05531302476501116,80,80,5,crossed_source_seed_equal_seed_observed_runs_conditional,5000
ton_iot_binary,cnn,shap,deletion,stable,conditional_gaussian_mean,-0.10729775992383836,-0.19310654800140659,-0.01849112146154412,80,80,5,crossed_source_seed_equal_seed_observed_runs_conditional,5000
ton_iot_binary,cnn,shap,deletion,stable,joint_donor,-0.09527752471437553,-0.176018654520853,-0.012349766396056571,80,80,5,crossed_source_seed_equal_seed_observed_runs_conditional,5000
ton_iot_binary,cnn,shap,insertion,random_0,conditional_gaussian_mean,-0.18271597355192676,-0.2504949308718331,-0.10631008098076011,80,80,5,crossed_source_seed_equal_seed_observed_runs_conditional,5000
ton_iot_binary,cnn,shap,insertion,random_0,joint_donor,-0.01364800334853013,-0.09535377985904793,0.06734930868438656,80,80,5,crossed_source_seed_equal_seed_observed_runs_conditional,5000
ton_iot_binary,cnn,shap,insertion,random_1,conditional_gaussian_mean,-0.1780789797377978,-0.2506392530319238,-0.09569148944290938,80,80,5,crossed_source_seed_equal_seed_observed_runs_conditional,5000
ton_iot_binary,cnn,shap,insertion,random_1,joint_donor,-0.0046892435423992514,-0.08434519762793762,0.07353301217850158,80,80,5,crossed_source_seed_equal_seed_observed_runs_conditional,5000
ton_iot_binary,cnn,shap,insertion,random_2,conditional_gaussian_mean,-0.17244625647826375,-0.2538417948717903,-0.08266206940737811,80,80,5,crossed_source_seed_equal_seed_observed_runs_conditional,5000
ton_iot_binary,cnn,shap,insertion,random_2,joint_donor,-0.016743656245781717,-0.09709204032413968,0.06226287616105997,80,80,5,crossed_source_seed_equal_seed_observed_runs_conditional,5000
ton_iot_binary,cnn,shap,insertion,reverse,conditional_gaussian_mean,-0.19044783567733234,-0.2671927691961839,-0.1008296520798674,80,80,5,crossed_source_seed_equal_seed_observed_runs_conditional,5000
ton_iot_binary,cnn,shap,insertion,reverse,joint_donor,-0.005259986059773713,-0.08954332870791698,0.07624852971540783,80,80,5,crossed_source_seed_equal_seed_observed_runs_conditional,5000
ton_iot_binary,cnn,shap,insertion,stable,conditional_gaussian_mean,-0.11089916257766212,-0.1675315826434291,-0.05317178355730051,80,80,5,crossed_source_seed_equal_seed_observed_runs_conditional,5000
ton_iot_binary,cnn,shap,insertion,stable,joint_donor,0.0014497772148215613,-0.07824501680854519,0.0806929152700097,80,80,5,crossed_source_seed_equal_seed_observed_runs_conditional,5000
ton_iot_binary,mlp,gradient_x_input,deletion,random_0,conditional_gaussian_mean,0.0572956173142944,-0.07607327058605007,0.1895842672863083,80,80,5,crossed_source_seed_equal_seed_observed_runs_conditional,5000
ton_iot_binary,mlp,gradient_x_input,deletion,random_0,joint_donor,-0.0020946789084991353,-0.11844195118578221,0.1133165621002082,80,80,5,crossed_source_seed_equal_seed_observed_runs_conditional,5000
ton_iot_binary,mlp,gradient_x_input,deletion,random_1,conditional_gaussian_mean,0.05542507355909972,-0.08013347247632398,0.18970213958144239,80,80,5,crossed_source_seed_equal_seed_observed_runs_conditional,5000
ton_iot_binary,mlp,gradient_x_input,deletion,random_1,joint_donor,0.0008390099823666994,-0.1069594772050551,0.10661072453760012,80,80,5,crossed_source_seed_equal_seed_observed_runs_conditional,5000
ton_iot_binary,mlp,gradient_x_input,deletion,random_2,conditional_gaussian_mean,0.040988375691904944,-0.10874004703749005,0.18246201027477893,80,80,5,crossed_source_seed_equal_seed_observed_runs_conditional,5000
ton_iot_binary,mlp,gradient_x_input,deletion,random_2,joint_donor,-0.0010962883906925846,-0.11335161815257712,0.11382100075234025,80,80,5,crossed_source_seed_equal_seed_observed_runs_conditional,5000
ton_iot_binary,mlp,gradient_x_input,deletion,reverse,conditional_gaussian_mean,0.010785711886088399,-0.1275506666861602,0.1560080320880532,80,80,5,crossed_source_seed_equal_seed_observed_runs_conditional,5000
ton_iot_binary,mlp,gradient_x_input,deletion,reverse,joint_donor,-0.02709342633882062,-0.14238044723196672,0.08535263791112327,80,80,5,crossed_source_seed_equal_seed_observed_runs_conditional,5000
ton_iot_binary,mlp,gradient_x_input,deletion,stable,conditional_gaussian_mean,0.07052457689325901,-0.06168473328167278,0.19792162176659653,80,80,5,crossed_source_seed_equal_seed_observed_runs_conditional,5000
ton_iot_binary,mlp,gradient_x_input,deletion,stable,joint_donor,0.0227172555625662,-0.08958339574283918,0.13376806823674697,80,80,5,crossed_source_seed_equal_seed_observed_runs_conditional,5000
ton_iot_binary,mlp,gradient_x_input,insertion,random_0,conditional_gaussian_mean,0.0038141818463519966,-0.07109106878487158,0.07878937723205169,80,80,5,crossed_source_seed_equal_seed_observed_runs_conditional,5000
ton_iot_binary,mlp,gradient_x_input,insertion,random_0,joint_donor,0.021453943135858963,-0.03702133149411987,0.08248148997142495,80,80,5,crossed_source_seed_equal_seed_observed_runs_conditional,5000
ton_iot_binary,mlp,gradient_x_input,insertion,random_1,conditional_gaussian_mean,0.043545666553068095,-0.041298636075513054,0.1275359681700294,80,80,5,crossed_source_seed_equal_seed_observed_runs_conditional,5000
ton_iot_binary,mlp,gradient_x_input,insertion,random_1,joint_donor,0.025355641895058668,-0.0309360342934026,0.08272913448106428,80,80,5,crossed_source_seed_equal_seed_observed_runs_conditional,5000
ton_iot_binary,mlp,gradient_x_input,insertion,random_2,conditional_gaussian_mean,0.030273662175182837,-0.045243392031668384,0.11168164580144135,80,80,5,crossed_source_seed_equal_seed_observed_runs_conditional,5000
ton_iot_binary,mlp,gradient_x_input,insertion,random_2,joint_donor,0.023669047778797428,-0.04250917513457788,0.09024218821939803,80,80,5,crossed_source_seed_equal_seed_observed_runs_conditional,5000
ton_iot_binary,mlp,gradient_x_input,insertion,reverse,conditional_gaussian_mean,0.04296737443856438,-0.03969060833901343,0.12976176247753388,80,80,5,crossed_source_seed_equal_seed_observed_runs_conditional,5000
ton_iot_binary,mlp,gradient_x_input,insertion,reverse,joint_donor,0.018571804718993595,-0.03370359341896236,0.07324764332340569,80,80,5,crossed_source_seed_equal_seed_observed_runs_conditional,5000
ton_iot_binary,mlp,gradient_x_input,insertion,stable,conditional_gaussian_mean,0.058715920804014686,-0.034850939232194476,0.1556741660309523,80,80,5,crossed_source_seed_equal_seed_observed_runs_conditional,5000
ton_iot_binary,mlp,gradient_x_input,insertion,stable,joint_donor,0.014467448428940235,-0.04069475454054281,0.06903584366846247,80,80,5,crossed_source_seed_equal_seed_observed_runs_conditional,5000
ton_iot_binary,mlp,integrated_gradients,deletion,final_resolution,conditional_gaussian_mean,-0.016427501638162294,-0.09205635801635174,0.06071502192212279,80,80,5,crossed_source_seed_equal_seed_observed_runs_conditional,5000
ton_iot_binary,mlp,integrated_gradients,deletion,final_resolution,joint_donor,-0.03756453873916553,-0.1080759012710025,0.030613015391317444,80,80,5,crossed_source_seed_equal_seed_observed_runs_conditional,5000
ton_iot_binary,mlp,integrated_gradients,deletion,random_0,conditional_gaussian_mean,-0.0308535844526322,-0.10871543801167309,0.05474805930450162,80,80,5,crossed_source_seed_equal_seed_observed_runs_conditional,5000
ton_iot_binary,mlp,integrated_gradients,deletion,random_0,joint_donor,-0.025189702994777952,-0.09129353512670375,0.045176010639096216,80,80,5,crossed_source_seed_equal_seed_observed_runs_conditional,5000
ton_iot_binary,mlp,integrated_gradients,deletion,random_1,conditional_gaussian_mean,-0.02788384784175968,-0.1078568590302496,0.05490407528734261,80,80,5,crossed_source_seed_equal_seed_observed_runs_conditional,5000
ton_iot_binary,mlp,integrated_gradients,deletion,random_1,joint_donor,-0.028763058221229577,-0.0951816336874109,0.04453786894724237,80,80,5,crossed_source_seed_equal_seed_observed_runs_conditional,5000
ton_iot_binary,mlp,integrated_gradients,deletion,random_2,conditional_gaussian_mean,-0.028838678092517445,-0.10658684023534745,0.0597252879070852,80,80,5,crossed_source_seed_equal_seed_observed_runs_conditional,5000
ton_iot_binary,mlp,integrated_gradients,deletion,random_2,joint_donor,-0.03504098485368964,-0.10508913311693444,0.03841047178257125,80,80,5,crossed_source_seed_equal_seed_observed_runs_conditional,5000
ton_iot_binary,mlp,integrated_gradients,deletion,reverse,conditional_gaussian_mean,0.013767770499291995,-0.0718228117815449,0.10072541825203045,80,80,5,crossed_source_seed_equal_seed_observed_runs_conditional,5000
ton_iot_binary,mlp,integrated_gradients,deletion,reverse,joint_donor,-0.01750051135458175,-0.08257635898235627,0.05419141730668839,80,80,5,crossed_source_seed_equal_seed_observed_runs_conditional,5000
ton_iot_binary,mlp,integrated_gradients,deletion,stable,conditional_gaussian_mean,-0.003488337094904481,-0.07967012974799634,0.0789436020392094,80,80,5,crossed_source_seed_equal_seed_observed_runs_conditional,5000
ton_iot_binary,mlp,integrated_gradients,deletion,stable,joint_donor,-0.03831333449948086,-0.10486413691809054,0.028885427896959068,80,80,5,crossed_source_seed_equal_seed_observed_runs_conditional,5000
ton_iot_binary,mlp,integrated_gradients,deletion,steps_128,conditional_gaussian_mean,-0.006347668328928871,-0.07998232438851974,0.07060799046724428,80,80,5,crossed_source_seed_equal_seed_observed_runs_conditional,5000
ton_iot_binary,mlp,integrated_gradients,deletion,steps_128,joint_donor,-0.043851143367935386,-0.10851439009506025,0.023905108730057315,80,80,5,crossed_source_seed_equal_seed_observed_runs_conditional,5000
ton_iot_binary,mlp,integrated_gradients,deletion,steps_256,conditional_gaussian_mean,-0.006289685562879649,-0.08126295441847424,0.07510983323287022,80,80,5,crossed_source_seed_equal_seed_observed_runs_conditional,5000
ton_iot_binary,mlp,integrated_gradients,deletion,steps_256,joint_donor,-0.03721270789497698,-0.10370954895399666,0.028986987731782595,80,80,5,crossed_source_seed_equal_seed_observed_runs_conditional,5000
ton_iot_binary,mlp,integrated_gradients,insertion,final_resolution,conditional_gaussian_mean,-0.21118497669698616,-0.3094445337134046,-0.12059044396482299,80,80,5,crossed_source_seed_equal_seed_observed_runs_conditional,5000
ton_iot_binary,mlp,integrated_gradients,insertion,final_resolution,joint_donor,-0.02471408566296727,-0.09461547900132944,0.032897979884270165,80,80,5,crossed_source_seed_equal_seed_observed_runs_conditional,5000
ton_iot_binary,mlp,integrated_gradients,insertion,random_0,conditional_gaussian_mean,-0.23694881855705224,-0.3457790636955387,-0.1390735796808964,80,80,5,crossed_source_seed_equal_seed_observed_runs_conditional,5000
ton_iot_binary,mlp,integrated_gradients,insertion,random_0,joint_donor,-0.03644025285275537,-0.10342359218591382,0.019457173069932013,80,80,5,crossed_source_seed_equal_seed_observed_runs_conditional,5000
ton_iot_binary,mlp,integrated_gradients,insertion,random_1,conditional_gaussian_mean,-0.23841623283607372,-0.3575540691989208,-0.13457658322527896,80,80,5,crossed_source_seed_equal_seed_observed_runs_conditional,5000
ton_iot_binary,mlp,integrated_gradients,insertion,random_1,joint_donor,-0.04401005675968818,-0.11542644665077503,0.018935250890913767,80,80,5,crossed_source_seed_equal_seed_observed_runs_conditional,5000
ton_iot_binary,mlp,integrated_gradients,insertion,random_2,conditional_gaussian_mean,-0.2462728433119822,-0.36395124902226683,-0.13867820200084233,80,80,5,crossed_source_seed_equal_seed_observed_runs_conditional,5000
ton_iot_binary,mlp,integrated_gradients,insertion,random_2,joint_donor,-0.04175783899229106,-0.10758722908724669,0.01908373327186535,80,80,5,crossed_source_seed_equal_seed_observed_runs_conditional,5000
ton_iot_binary,mlp,integrated_gradients,insertion,reverse,conditional_gaussian_mean,-0.25269893705253976,-0.3702044765452034,-0.14241101810802873,80,80,5,crossed_source_seed_equal_seed_observed_runs_conditional,5000
ton_iot_binary,mlp,integrated_gradients,insertion,reverse,joint_donor,-0.03056710939743535,-0.09508644842710484,0.026524725511521356,80,80,5,crossed_source_seed_equal_seed_observed_runs_conditional,5000
ton_iot_binary,mlp,integrated_gradients,insertion,stable,conditional_gaussian_mean,-0.22202811929189892,-0.32424695570643985,-0.12688604588494948,80,80,5,crossed_source_seed_equal_seed_observed_runs_conditional,5000
ton_iot_binary,mlp,integrated_gradients,insertion,stable,joint_donor,-0.029982182492662147,-0.10293019631083036,0.030381171944038762,80,80,5,crossed_source_seed_equal_seed_observed_runs_conditional,5000
ton_iot_binary,mlp,integrated_gradients,insertion,steps_128,conditional_gaussian_mean,-0.21405728646177002,-0.30888992529929965,-0.11996304894077944,80,80,5,crossed_source_seed_equal_seed_observed_runs_conditional,5000
ton_iot_binary,mlp,integrated_gradients,insertion,steps_128,joint_donor,-0.03295177625426061,-0.1033032347232812,0.025792209255939558,80,80,5,crossed_source_seed_equal_seed_observed_runs_conditional,5000
ton_iot_binary,mlp,integrated_gradients,insertion,steps_256,conditional_gaussian_mean,-0.21231685123749006,-0.30562452823220204,-0.12204472472119526,80,80,5,crossed_source_seed_equal_seed_observed_runs_conditional,5000
ton_iot_binary,mlp,integrated_gradients,insertion,steps_256,joint_donor,-0.02729279695428094,-0.09684541263505732,0.03492074441442279,80,80,5,crossed_source_seed_equal_seed_observed_runs_conditional,5000
ton_iot_binary,mlp,lime,deletion,random_0,conditional_gaussian_mean,0.10130471867800162,-0.0039194666590008816,0.19384250565155367,80,80,5,crossed_source_seed_equal_seed_observed_runs_conditional,5000
ton_iot_binary,mlp,lime,deletion,random_0,joint_donor,0.03922181782053716,-0.058528766318891354,0.15020600638113055,80,80,5,crossed_source_seed_equal_seed_observed_runs_conditional,5000
ton_iot_binary,mlp,lime,deletion,random_1,conditional_gaussian_mean,0.10130471867800162,-0.005015191012061562,0.19576625117770907,80,80,5,crossed_source_seed_equal_seed_observed_runs_conditional,5000
ton_iot_binary,mlp,lime,deletion,random_1,joint_donor,0.03922181782053716,-0.05811628517143759,0.14887205906164955,80,80,5,crossed_source_seed_equal_seed_observed_runs_conditional,5000
ton_iot_binary,mlp,lime,deletion,random_2,conditional_gaussian_mean,0.10130471867800162,-0.005436019074738398,0.19465794657925142,80,80,5,crossed_source_seed_equal_seed_observed_runs_conditional,5000
ton_iot_binary,mlp,lime,deletion,random_2,joint_donor,0.03922181782053716,-0.059885642787471154,0.15229244949966889,80,80,5,crossed_source_seed_equal_seed_observed_runs_conditional,5000
ton_iot_binary,mlp,lime,deletion,reverse,conditional_gaussian_mean,0.10130471867800162,-0.0010003295790234092,0.1989787072894892,80,80,5,crossed_source_seed_equal_seed_observed_runs_conditional,5000
ton_iot_binary,mlp,lime,deletion,reverse,joint_donor,0.03922181782053716,-0.05806045545832813,0.1525875336779949,80,80,5,crossed_source_seed_equal_seed_observed_runs_conditional,5000
ton_iot_binary,mlp,lime,deletion,stable,conditional_gaussian_mean,0.10130471867800162,-0.005121982366024782,0.1963089036970837,80,80,5,crossed_source_seed_equal_seed_observed_runs_conditional,5000
ton_iot_binary,mlp,lime,deletion,stable,joint_donor,0.03922181782053716,-0.05835440176919291,0.15392028163971072,80,80,5,crossed_source_seed_equal_seed_observed_runs_conditional,5000
ton_iot_binary,mlp,lime,insertion,random_0,conditional_gaussian_mean,0.15138350003279458,0.05361640283600701,0.24528496466117086,80,80,5,crossed_source_seed_equal_seed_observed_runs_conditional,5000
ton_iot_binary,mlp,lime,insertion,random_0,joint_donor,0.08313383108020131,-0.010047878036240023,0.18556434990787757,80,80,5,crossed_source_seed_equal_seed_observed_runs_conditional,5000
ton_iot_binary,mlp,lime,insertion,random_1,conditional_gaussian_mean,0.15138350003279458,0.04650505361984067,0.25071495268290167,80,80,5,crossed_source_seed_equal_seed_observed_runs_conditional,5000
ton_iot_binary,mlp,lime,insertion,random_1,joint_donor,0.08313383108020131,-0.011253896298298706,0.1810723997061318,80,80,5,crossed_source_seed_equal_seed_observed_runs_conditional,5000
ton_iot_binary,mlp,lime,insertion,random_2,conditional_gaussian_mean,0.15138350003279458,0.04716982077981331,0.24905020813150458,80,80,5,crossed_source_seed_equal_seed_observed_runs_conditional,5000
ton_iot_binary,mlp,lime,insertion,random_2,joint_donor,0.08313383108020131,-0.013929834375822363,0.1834842114118068,80,80,5,crossed_source_seed_equal_seed_observed_runs_conditional,5000
ton_iot_binary,mlp,lime,insertion,reverse,conditional_gaussian_mean,0.15138350003279458,0.046416130583109276,0.2470829116254579,80,80,5,crossed_source_seed_equal_seed_observed_runs_conditional,5000
ton_iot_binary,mlp,lime,insertion,reverse,joint_donor,0.08313383108020131,-0.009826414546382707,0.18998458630453718,80,80,5,crossed_source_seed_equal_seed_observed_runs_conditional,5000
ton_iot_binary,mlp,lime,insertion,stable,conditional_gaussian_mean,0.15138350003279458,0.05100579795958075,0.24830360243692112,80,80,5,crossed_source_seed_equal_seed_observed_runs_conditional,5000
ton_iot_binary,mlp,lime,insertion,stable,joint_donor,0.08313383108020131,-0.012890356180515377,0.19025697259315688,80,80,5,crossed_source_seed_equal_seed_observed_runs_conditional,5000
ton_iot_binary,mlp,occlusion,deletion,random_0,conditional_gaussian_mean,-0.08829330429416006,-0.18165835935216482,0.006780385576245487,80,80,5,crossed_source_seed_equal_seed_observed_runs_conditional,5000
ton_iot_binary,mlp,occlusion,deletion,random_0,joint_donor,-0.05195954226255208,-0.1250548791799808,0.024086296445917362,80,80,5,crossed_source_seed_equal_seed_observed_runs_conditional,5000
ton_iot_binary,mlp,occlusion,deletion,random_1,conditional_gaussian_mean,-0.07779425665017252,-0.17203950537153995,0.02996795507694792,80,80,5,crossed_source_seed_equal_seed_observed_runs_conditional,5000
ton_iot_binary,mlp,occlusion,deletion,random_1,joint_donor,-0.04588941068787655,-0.11997204781136603,0.03393991084300259,80,80,5,crossed_source_seed_equal_seed_observed_runs_conditional,5000
ton_iot_binary,mlp,occlusion,deletion,random_2,conditional_gaussian_mean,-0.07805616445684967,-0.1783976672194812,0.02235767165644753,80,80,5,crossed_source_seed_equal_seed_observed_runs_conditional,5000
ton_iot_binary,mlp,occlusion,deletion,random_2,joint_donor,-0.057786626944791544,-0.1260251452055902,0.01013652356901907,80,80,5,crossed_source_seed_equal_seed_observed_runs_conditional,5000
ton_iot_binary,mlp,occlusion,deletion,reverse,conditional_gaussian_mean,-0.09012138944563249,-0.18910719487428487,0.012681630892563179,80,80,5,crossed_source_seed_equal_seed_observed_runs_conditional,5000
ton_iot_binary,mlp,occlusion,deletion,reverse,joint_donor,-0.06000403433060632,-0.138965411077085,0.021472677361625805,80,80,5,crossed_source_seed_equal_seed_observed_runs_conditional,5000
ton_iot_binary,mlp,occlusion,deletion,stable,conditional_gaussian_mean,-0.056846316374765685,-0.12241658280222911,0.012122393786880712,80,80,5,crossed_source_seed_equal_seed_observed_runs_conditional,5000
ton_iot_binary,mlp,occlusion,deletion,stable,joint_donor,-0.034955478217347104,-0.0999317143341597,0.03281914366368855,80,80,5,crossed_source_seed_equal_seed_observed_runs_conditional,5000
ton_iot_binary,mlp,occlusion,insertion,random_0,conditional_gaussian_mean,-0.3009714363268098,-0.38814085849001917,-0.22551646128807756,80,80,5,crossed_source_seed_equal_seed_observed_runs_conditional,5000
ton_iot_binary,mlp,occlusion,insertion,random_0,joint_donor,-0.07415834850332799,-0.15518648016911377,0.0035499661373877434,80,80,5,crossed_source_seed_equal_seed_observed_runs_conditional,5000
ton_iot_binary,mlp,occlusion,insertion,random_1,conditional_gaussian_mean,-0.2849115423415133,-0.37136696402323693,-0.2071381030376218,80,80,5,crossed_source_seed_equal_seed_observed_runs_conditional,5000
ton_iot_binary,mlp,occlusion,insertion,random_1,joint_donor,-0.07040595765333367,-0.1398964278874381,-0.0013650191391117812,80,80,5,crossed_source_seed_equal_seed_observed_runs_conditional,5000
ton_iot_binary,mlp,occlusion,insertion,random_2,conditional_gaussian_mean,-0.3026790297847625,-0.39929931859838896,-0.22152917051642337,80,80,5,crossed_source_seed_equal_seed_observed_runs_conditional,5000
ton_iot_binary,mlp,occlusion,insertion,random_2,joint_donor,-0.07173090259857975,-0.145168384606675,0.0005635524054996261,80,80,5,crossed_source_seed_equal_seed_observed_runs_conditional,5000
ton_iot_binary,mlp,occlusion,insertion,reverse,conditional_gaussian_mean,-0.31219833730724744,-0.4002778280823118,-0.232044795859908,80,80,5,crossed_source_seed_equal_seed_observed_runs_conditional,5000
ton_iot_binary,mlp,occlusion,insertion,reverse,joint_donor,-0.08546431242612904,-0.16259547293826268,-0.010949277999432468,80,80,5,crossed_source_seed_equal_seed_observed_runs_conditional,5000
ton_iot_binary,mlp,occlusion,insertion,stable,conditional_gaussian_mean,-0.2683175665433716,-0.3305186040494721,-0.205341218073838,80,80,5,crossed_source_seed_equal_seed_observed_runs_conditional,5000
ton_iot_binary,mlp,occlusion,insertion,stable,joint_donor,-0.02972900949564286,-0.0943741049922469,0.03639588399612288,80,80,5,crossed_source_seed_equal_seed_observed_runs_conditional,5000
ton_iot_binary,mlp,shap,deletion,random_0,conditional_gaussian_mean,-0.01474073740291818,-0.12331250284076894,0.09428110494627488,80,80,5,crossed_source_seed_equal_seed_observed_runs_conditional,5000
ton_iot_binary,mlp,shap,deletion,random_0,joint_donor,-0.024459373344030175,-0.1112963103463936,0.06524233282347579,80,80,5,crossed_source_seed_equal_seed_observed_runs_conditional,5000
ton_iot_binary,mlp,shap,deletion,random_1,conditional_gaussian_mean,-0.010794672292458871,-0.1254055277976715,0.10450785259603802,80,80,5,crossed_source_seed_equal_seed_observed_runs_conditional,5000
ton_iot_binary,mlp,shap,deletion,random_1,joint_donor,-0.04299237960035858,-0.12506988683050296,0.04253976094625861,80,80,5,crossed_source_seed_equal_seed_observed_runs_conditional,5000
ton_iot_binary,mlp,shap,deletion,random_2,conditional_gaussian_mean,0.0002527536569381872,-0.11799485639267718,0.11293643715705737,80,80,5,crossed_source_seed_equal_seed_observed_runs_conditional,5000
ton_iot_binary,mlp,shap,deletion,random_2,joint_donor,-0.010045609166258667,-0.09658492335447934,0.07551136020784172,80,80,5,crossed_source_seed_equal_seed_observed_runs_conditional,5000
ton_iot_binary,mlp,shap,deletion,reverse,conditional_gaussian_mean,0.03750242067300025,-0.08283003109580257,0.15641371030775458,80,80,5,crossed_source_seed_equal_seed_observed_runs_conditional,5000
ton_iot_binary,mlp,shap,deletion,reverse,joint_donor,-0.020578145843320295,-0.1085534033453465,0.06505325990985866,80,80,5,crossed_source_seed_equal_seed_observed_runs_conditional,5000
ton_iot_binary,mlp,shap,deletion,stable,conditional_gaussian_mean,-0.006830891616273496,-0.10169641571534524,0.09097342785468028,80,80,5,crossed_source_seed_equal_seed_observed_runs_conditional,5000
ton_iot_binary,mlp,shap,deletion,stable,joint_donor,-0.02750256477578575,-0.10878410631755424,0.056426459479455106,80,80,5,crossed_source_seed_equal_seed_observed_runs_conditional,5000
ton_iot_binary,mlp,shap,insertion,random_0,conditional_gaussian_mean,-0.2395631477114022,-0.3281616339286526,-0.15627203474361875,80,80,5,crossed_source_seed_equal_seed_observed_runs_conditional,5000
ton_iot_binary,mlp,shap,insertion,random_0,joint_donor,-0.08002587478799314,-0.14379189393823155,-0.01383789570064224,80,80,5,crossed_source_seed_equal_seed_observed_runs_conditional,5000
ton_iot_binary,mlp,shap,insertion,random_1,conditional_gaussian_mean,-0.2577987335123171,-0.3518468844652116,-0.17161954258003856,80,80,5,crossed_source_seed_equal_seed_observed_runs_conditional,5000
ton_iot_binary,mlp,shap,insertion,random_1,joint_donor,-0.07196693659983115,-0.13433942144997044,-0.014325125951953952,80,80,5,crossed_source_seed_equal_seed_observed_runs_conditional,5000
ton_iot_binary,mlp,shap,insertion,random_2,conditional_gaussian_mean,-0.256139569787783,-0.3433874474342343,-0.17436515672163128,80,80,5,crossed_source_seed_equal_seed_observed_runs_conditional,5000
ton_iot_binary,mlp,shap,insertion,random_2,joint_donor,-0.0716652595858829,-0.13876791379852207,-0.006382016090318442,80,80,5,crossed_source_seed_equal_seed_observed_runs_conditional,5000
ton_iot_binary,mlp,shap,insertion,reverse,conditional_gaussian_mean,-0.2747920569081065,-0.3777975645969469,-0.18395022098213204,80,80,5,crossed_source_seed_equal_seed_observed_runs_conditional,5000
ton_iot_binary,mlp,shap,insertion,reverse,joint_donor,-0.05425248578426123,-0.11874816207031919,0.010052855015551164,80,80,5,crossed_source_seed_equal_seed_observed_runs_conditional,5000
ton_iot_binary,mlp,shap,insertion,stable,conditional_gaussian_mean,-0.16567332248593541,-0.22187791597935747,-0.10868563089011271,80,80,5,crossed_source_seed_equal_seed_observed_runs_conditional,5000
ton_iot_binary,mlp,shap,insertion,stable,joint_donor,-0.01931442499453912,-0.07686116317552061,0.035161040563837224,80,80,5,crossed_source_seed_equal_seed_observed_runs_conditional,5000
