task_id,model,seed,run_id,status,recorded_rows,recorded_probe,configuration_hash_verified,reconstructed_nsamples,reconstructed_background_physical_rows,reconstructed_background_distinct_rows,reconstructed_link,reconstructed_wrapper_l1_reg,historical_shap_version,historical_effective_l1_reg,historical_complete_environment
cicids2017_binary,mlp,42,0,historical_stored_account,16,"{""method"": ""shap"", ""reference"": ""training_median"", ""role"": ""primary"", ""run_id"": 0, ""steps"": null}",True,102400,100,1,identity,omitted,UNKNOWN,UNKNOWN,UNKNOWN
cicids2017_binary,mlp,42,1,historical_stored_account,16,"{""method"": ""shap"", ""reference"": ""training_median"", ""role"": ""stochastic_repeatability_replicate"", ""run_id"": 1, ""steps"": null}",True,102400,100,1,identity,omitted,UNKNOWN,UNKNOWN,UNKNOWN
cicids2017_binary,mlp,43,0,historical_stored_account,16,"{""method"": ""shap"", ""reference"": ""training_median"", ""role"": ""primary"", ""run_id"": 0, ""steps"": null}",True,102400,100,1,identity,omitted,UNKNOWN,UNKNOWN,UNKNOWN
cicids2017_binary,mlp,43,1,historical_stored_account,16,"{""method"": ""shap"", ""reference"": ""training_median"", ""role"": ""stochastic_repeatability_replicate"", ""run_id"": 1, ""steps"": null}",True,102400,100,1,identity,omitted,UNKNOWN,UNKNOWN,UNKNOWN
cicids2017_binary,mlp,44,0,historical_stored_account,16,"{""method"": ""shap"", ""reference"": ""training_median"", ""role"": ""primary"", ""run_id"": 0, ""steps"": null}",True,102400,100,1,identity,omitted,UNKNOWN,UNKNOWN,UNKNOWN
cicids2017_binary,mlp,44,1,historical_stored_account,16,"{""method"": ""shap"", ""reference"": ""training_median"", ""role"": ""stochastic_repeatability_replicate"", ""run_id"": 1, ""steps"": null}",True,102400,100,1,identity,omitted,UNKNOWN,UNKNOWN,UNKNOWN
cicids2017_binary,mlp,45,0,historical_stored_account,16,"{""method"": ""shap"", ""reference"": ""training_median"", ""role"": ""primary"", ""run_id"": 0, ""steps"": null}",True,102400,100,1,identity,omitted,UNKNOWN,UNKNOWN,UNKNOWN
cicids2017_binary,mlp,45,1,historical_stored_account,16,"{""method"": ""shap"", ""reference"": ""training_median"", ""role"": ""stochastic_repeatability_replicate"", ""run_id"": 1, ""steps"": null}",True,102400,100,1,identity,omitted,UNKNOWN,UNKNOWN,UNKNOWN
cicids2017_binary,mlp,46,0,historical_stored_account,16,"{""method"": ""shap"", ""reference"": ""training_median"", ""role"": ""primary"", ""run_id"": 0, ""steps"": null}",True,102400,100,1,identity,omitted,UNKNOWN,UNKNOWN,UNKNOWN
cicids2017_binary,mlp,46,1,historical_stored_account,16,"{""method"": ""shap"", ""reference"": ""training_median"", ""role"": ""stochastic_repeatability_replicate"", ""run_id"": 1, ""steps"": null}",True,102400,100,1,identity,omitted,UNKNOWN,UNKNOWN,UNKNOWN
cicids2017_binary,cnn,42,0,historical_stored_account,16,"{""method"": ""shap"", ""reference"": ""training_median"", ""role"": ""primary"", ""run_id"": 0, ""steps"": null}",True,102400,100,1,identity,omitted,UNKNOWN,UNKNOWN,UNKNOWN
cicids2017_binary,cnn,42,1,historical_stored_account,16,"{""method"": ""shap"", ""reference"": ""training_median"", ""role"": ""stochastic_repeatability_replicate"", ""run_id"": 1, ""steps"": null}",True,102400,100,1,identity,omitted,UNKNOWN,UNKNOWN,UNKNOWN
cicids2017_binary,cnn,43,0,historical_stored_account,16,"{""method"": ""shap"", ""reference"": ""training_median"", ""role"": ""primary"", ""run_id"": 0, ""steps"": null}",True,102400,100,1,identity,omitted,UNKNOWN,UNKNOWN,UNKNOWN
cicids2017_binary,cnn,43,1,historical_stored_account,16,"{""method"": ""shap"", ""reference"": ""training_median"", ""role"": ""stochastic_repeatability_replicate"", ""run_id"": 1, ""steps"": null}",True,102400,100,1,identity,omitted,UNKNOWN,UNKNOWN,UNKNOWN
cicids2017_binary,cnn,44,0,historical_stored_account,16,"{""method"": ""shap"", ""reference"": ""training_median"", ""role"": ""primary"", ""run_id"": 0, ""steps"": null}",True,102400,100,1,identity,omitted,UNKNOWN,UNKNOWN,UNKNOWN
cicids2017_binary,cnn,44,1,historical_stored_account,16,"{""method"": ""shap"", ""reference"": ""training_median"", ""role"": ""stochastic_repeatability_replicate"", ""run_id"": 1, ""steps"": null}",True,102400,100,1,identity,omitted,UNKNOWN,UNKNOWN,UNKNOWN
cicids2017_binary,cnn,45,0,historical_stored_account,16,"{""method"": ""shap"", ""reference"": ""training_median"", ""role"": ""primary"", ""run_id"": 0, ""steps"": null}",True,102400,100,1,identity,omitted,UNKNOWN,UNKNOWN,UNKNOWN
cicids2017_binary,cnn,45,1,historical_stored_account,16,"{""method"": ""shap"", ""reference"": ""training_median"", ""role"": ""stochastic_repeatability_replicate"", ""run_id"": 1, ""steps"": null}",True,102400,100,1,identity,omitted,UNKNOWN,UNKNOWN,UNKNOWN
cicids2017_binary,cnn,46,0,historical_stored_account,16,"{""method"": ""shap"", ""reference"": ""training_median"", ""role"": ""primary"", ""run_id"": 0, ""steps"": null}",True,102400,100,1,identity,omitted,UNKNOWN,UNKNOWN,UNKNOWN
cicids2017_binary,cnn,46,1,historical_stored_account,16,"{""method"": ""shap"", ""reference"": ""training_median"", ""role"": ""stochastic_repeatability_replicate"", ""run_id"": 1, ""steps"": null}",True,102400,100,1,identity,omitted,UNKNOWN,UNKNOWN,UNKNOWN
ton_iot_binary,mlp,42,0,historical_stored_account,16,"{""method"": ""shap"", ""reference"": ""training_median"", ""role"": ""primary"", ""run_id"": 0, ""steps"": null}",True,102400,100,1,identity,omitted,UNKNOWN,UNKNOWN,UNKNOWN
ton_iot_binary,mlp,42,1,historical_stored_account,16,"{""method"": ""shap"", ""reference"": ""training_median"", ""role"": ""stochastic_repeatability_replicate"", ""run_id"": 1, ""steps"": null}",True,102400,100,1,identity,omitted,UNKNOWN,UNKNOWN,UNKNOWN
ton_iot_binary,mlp,43,0,historical_stored_account,16,"{""method"": ""shap"", ""reference"": ""training_median"", ""role"": ""primary"", ""run_id"": 0, ""steps"": null}",True,102400,100,1,identity,omitted,UNKNOWN,UNKNOWN,UNKNOWN
ton_iot_binary,mlp,43,1,historical_stored_account,16,"{""method"": ""shap"", ""reference"": ""training_median"", ""role"": ""stochastic_repeatability_replicate"", ""run_id"": 1, ""steps"": null}",True,102400,100,1,identity,omitted,UNKNOWN,UNKNOWN,UNKNOWN
ton_iot_binary,mlp,44,0,historical_stored_account,16,"{""method"": ""shap"", ""reference"": ""training_median"", ""role"": ""primary"", ""run_id"": 0, ""steps"": null}",True,102400,100,1,identity,omitted,UNKNOWN,UNKNOWN,UNKNOWN
ton_iot_binary,mlp,44,1,historical_stored_account,16,"{""method"": ""shap"", ""reference"": ""training_median"", ""role"": ""stochastic_repeatability_replicate"", ""run_id"": 1, ""steps"": null}",True,102400,100,1,identity,omitted,UNKNOWN,UNKNOWN,UNKNOWN
ton_iot_binary,mlp,45,0,historical_stored_account,16,"{""method"": ""shap"", ""reference"": ""training_median"", ""role"": ""primary"", ""run_id"": 0, ""steps"": null}",True,102400,100,1,identity,omitted,UNKNOWN,UNKNOWN,UNKNOWN
ton_iot_binary,mlp,45,1,historical_stored_account,16,"{""method"": ""shap"", ""reference"": ""training_median"", ""role"": ""stochastic_repeatability_replicate"", ""run_id"": 1, ""steps"": null}",True,102400,100,1,identity,omitted,UNKNOWN,UNKNOWN,UNKNOWN
ton_iot_binary,mlp,46,0,historical_stored_account,16,"{""method"": ""shap"", ""reference"": ""training_median"", ""role"": ""primary"", ""run_id"": 0, ""steps"": null}",True,102400,100,1,identity,omitted,UNKNOWN,UNKNOWN,UNKNOWN
ton_iot_binary,mlp,46,1,historical_stored_account,16,"{""method"": ""shap"", ""reference"": ""training_median"", ""role"": ""stochastic_repeatability_replicate"", ""run_id"": 1, ""steps"": null}",True,102400,100,1,identity,omitted,UNKNOWN,UNKNOWN,UNKNOWN
ton_iot_binary,cnn,42,0,historical_stored_account,16,"{""method"": ""shap"", ""reference"": ""training_median"", ""role"": ""primary"", ""run_id"": 0, ""steps"": null}",True,102400,100,1,identity,omitted,UNKNOWN,UNKNOWN,UNKNOWN
ton_iot_binary,cnn,42,1,historical_stored_account,16,"{""method"": ""shap"", ""reference"": ""training_median"", ""role"": ""stochastic_repeatability_replicate"", ""run_id"": 1, ""steps"": null}",True,102400,100,1,identity,omitted,UNKNOWN,UNKNOWN,UNKNOWN
ton_iot_binary,cnn,43,0,historical_stored_account,16,"{""method"": ""shap"", ""reference"": ""training_median"", ""role"": ""primary"", ""run_id"": 0, ""steps"": null}",True,102400,100,1,identity,omitted,UNKNOWN,UNKNOWN,UNKNOWN
ton_iot_binary,cnn,43,1,historical_stored_account,16,"{""method"": ""shap"", ""reference"": ""training_median"", ""role"": ""stochastic_repeatability_replicate"", ""run_id"": 1, ""steps"": null}",True,102400,100,1,identity,omitted,UNKNOWN,UNKNOWN,UNKNOWN
ton_iot_binary,cnn,44,0,historical_stored_account,16,"{""method"": ""shap"", ""reference"": ""training_median"", ""role"": ""primary"", ""run_id"": 0, ""steps"": null}",True,102400,100,1,identity,omitted,UNKNOWN,UNKNOWN,UNKNOWN
ton_iot_binary,cnn,44,1,historical_stored_account,16,"{""method"": ""shap"", ""reference"": ""training_median"", ""role"": ""stochastic_repeatability_replicate"", ""run_id"": 1, ""steps"": null}",True,102400,100,1,identity,omitted,UNKNOWN,UNKNOWN,UNKNOWN
ton_iot_binary,cnn,45,0,historical_stored_account,16,"{""method"": ""shap"", ""reference"": ""training_median"", ""role"": ""primary"", ""run_id"": 0, ""steps"": null}",True,102400,100,1,identity,omitted,UNKNOWN,UNKNOWN,UNKNOWN
ton_iot_binary,cnn,45,1,historical_stored_account,16,"{""method"": ""shap"", ""reference"": ""training_median"", ""role"": ""stochastic_repeatability_replicate"", ""run_id"": 1, ""steps"": null}",True,102400,100,1,identity,omitted,UNKNOWN,UNKNOWN,UNKNOWN
ton_iot_binary,cnn,46,0,historical_stored_account,16,"{""method"": ""shap"", ""reference"": ""training_median"", ""role"": ""primary"", ""run_id"": 0, ""steps"": null}",True,102400,100,1,identity,omitted,UNKNOWN,UNKNOWN,UNKNOWN
ton_iot_binary,cnn,46,1,historical_stored_account,16,"{""method"": ""shap"", ""reference"": ""training_median"", ""role"": ""stochastic_repeatability_replicate"", ""run_id"": 1, ""steps"": null}",True,102400,100,1,identity,omitted,UNKNOWN,UNKNOWN,UNKNOWN
